Season,HomeTeam,AwayTeam,FTHG,FTAG,FTR,HS,AS,HST,AST
E0 (1),Man United,Fulham,1,0,H,14,10,5,2
E0 (1),Ipswich,Liverpool,0,2,A,7,18,2,5
E0 (1),Arsenal,Wolves,2,0,H,18,9,6,3
E0 (1),Everton,Brighton,0,3,A,9,10,1,5
E0 (1),Newcastle,Southampton,1,0,H,3,19,1,4
E0 (1),Nottm Forest,Bournemouth,1,1,D,14,13,8,4
E0 (1),West Ham,Aston Villa,1,2,A,14,15,3,3
E0 (1),Brentford,Crystal Palace,2,1,H,9,14,5,6
E0 (1),Chelsea,Man City,0,2,A,10,11,3,5
E0 (1),Leicester,Tottenham,1,1,D,7,15,3,7
E0 (1),Brighton,Man United,2,1,H,14,11,5,4
E0 (1),Crystal Palace,West Ham,0,2,A,14,18,2,3
E0 (1),Fulham,Leicester,2,1,H,18,10,6,4
E0 (1),Man City,Ipswich,4,1,H,14,1,5,1
E0 (1),Southampton,Nottm Forest,0,1,A,5,23,1,8
E0 (1),Tottenham,Everton,4,0,H,13,10,7,1
E0 (1),Aston Villa,Arsenal,0,2,A,11,9,3,4
E0 (1),Bournemouth,Newcastle,1,1,D,16,14,4,5
E0 (1),Wolves,Chelsea,2,6,A,12,14,4,8
E0 (1),Liverpool,Brentford,2,0,H,19,8,8,2
E0 (1),Arsenal,Brighton,1,1,D,11,22,7,4
E0 (1),Brentford,Southampton,3,1,H,20,18,7,6
E0 (1),Everton,Bournemouth,2,3,A,18,17,8,7
E0 (1),Ipswich,Fulham,1,1,D,11,9,4,4
E0 (1),Leicester,Aston Villa,1,2,A,9,10,3,5
E0 (1),Nottm Forest,Wolves,1,1,D,16,11,5,3
E0 (1),West Ham,Man City,1,3,A,10,23,2,8
E0 (1),Chelsea,Crystal Palace,1,1,D,13,9,7,3
E0 (1),Newcastle,Tottenham,2,1,H,9,20,3,6
E0 (1),Man United,Liverpool,0,3,A,8,11,3,3
E0 (1),Southampton,Man United,0,3,A,6,20,4,10
E0 (1),Brighton,Ipswich,0,0,D,21,6,6,1
E0 (1),Crystal Palace,Leicester,2,2,D,20,9,4,4
E0 (1),Fulham,West Ham,1,1,D,21,11,5,3
E0 (1),Liverpool,Nottm Forest,0,1,A,14,5,5,3
E0 (1),Man City,Brentford,2,1,H,18,8,7,5
E0 (1),Aston Villa,Everton,3,2,H,17,6,8,2
E0 (1),Bournemouth,Chelsea,0,1,A,19,10,7,3
E0 (1),Tottenham,Arsenal,0,1,A,15,7,5,4
E0 (1),Wolves,Newcastle,1,2,A,12,14,5,6
E0 (1),West Ham,Chelsea,0,3,A,15,12,7,5
E0 (1),Aston Villa,Wolves,3,1,H,9,10,4,4
E0 (1),Fulham,Newcastle,3,1,H,22,15,11,4
E0 (1),Leicester,Everton,1,1,D,12,16,2,5
E0 (1),Liverpool,Bournemouth,3,0,H,19,19,13,6
E0 (1),Southampton,Ipswich,1,1,D,11,13,3,6
E0 (1),Tottenham,Brentford,3,1,H,23,6,10,6
E0 (1),Crystal Palace,Man United,0,0,D,9,15,4,6
E0 (1),Brighton,Nottm Forest,2,2,D,14,4,3,3
E0 (1),Man City,Arsenal,2,2,D,33,5,11,3
E0 (1),Newcastle,Man City,1,1,D,11,16,4,6
E0 (1),Arsenal,Leicester,4,2,H,36,5,16,3
E0 (1),Brentford,West Ham,1,1,D,8,19,3,3
E0 (1),Chelsea,Brighton,4,2,H,15,15,7,5
E0 (1),Everton,Crystal Palace,2,1,H,8,17,2,5
E0 (1),Nottm Forest,Fulham,0,1,A,11,14,1,2
E0 (1),Wolves,Liverpool,1,2,A,8,10,3,6
E0 (1),Ipswich,Aston Villa,2,2,D,15,7,5,3
E0 (1),Man United,Tottenham,0,3,A,11,24,2,10
E0 (1),Bournemouth,Southampton,3,1,H,14,9,6,3
E0 (1),Crystal Palace,Liverpool,0,1,A,9,16,5,4
E0 (1),Arsenal,Southampton,3,1,H,29,8,6,2
E0 (1),Brentford,Wolves,5,3,H,19,17,12,6
E0 (1),Leicester,Bournemouth,1,0,H,6,17,2,2
E0 (1),Man City,Fulham,3,2,H,20,11,7,4
E0 (1),West Ham,Ipswich,4,1,H,23,9,13,2
E0 (1),Everton,Newcastle,0,0,D,8,14,2,3
E0 (1),Aston Villa,Man United,0,0,D,11,10,1,4
E0 (1),Chelsea,Nottm Forest,1,1,D,22,16,8,9
E0 (1),Brighton,Tottenham,3,2,H,11,13,4,3
E0 (1),Tottenham,West Ham,4,1,H,22,11,7,4
E0 (1),Fulham,Aston Villa,1,3,A,10,14,4,5
E0 (1),Ipswich,Everton,0,2,A,13,11,2,8
E0 (1),Man United,Brentford,2,1,H,23,8,11,2
E0 (1),Newcastle,Brighton,0,1,A,21,10,6,5
E0 (1),Southampton,Leicester,2,3,A,14,18,7,4
E0 (1),Bournemouth,Arsenal,2,0,H,13,6,4,1
E0 (1),Wolves,Man City,1,2,A,3,22,2,7
E0 (1),Liverpool,Chelsea,2,1,H,9,12,5,2
E0 (1),Nottm Forest,Crystal Palace,1,0,H,20,20,6,7
E0 (1),Leicester,Nottm Forest,1,3,A,11,20,1,5
E0 (1),Aston Villa,Bournemouth,1,1,D,18,11,8,3
E0 (1),Brentford,Ipswich,4,3,H,20,11,9,5
E0 (1),Brighton,Wolves,2,2,D,19,14,6,7
E0 (1),Man City,Southampton,1,0,H,22,5,8,2
E0 (1),Everton,Fulham,1,1,D,10,14,5,3
E0 (1),Chelsea,Newcastle,2,1,H,17,11,7,3
E0 (1),Crystal Palace,Tottenham,1,0,H,14,11,6,3
E0 (1),West Ham,Man United,2,1,H,12,18,3,5
E0 (1),Arsenal,Liverpool,2,2,D,9,9,3,4
E0 (1),Newcastle,Arsenal,1,0,H,9,10,4,1
E0 (1),Bournemouth,Man City,2,1,H,12,18,6,4
E0 (1),Ipswich,Leicester,1,1,D,14,20,2,6
E0 (1),Liverpool,Brighton,2,1,H,16,13,8,5
E0 (1),Nottm Forest,West Ham,3,0,H,19,4,6,2
E0 (1),Southampton,Everton,1,0,H,9,16,2,5
E0 (1),Wolves,Crystal Palace,2,2,D,11,19,6,7
E0 (1),Tottenham,Aston Villa,4,1,H,16,12,6,1
E0 (1),Man United,Chelsea,1,1,D,11,12,4,3
E0 (1),Fulham,Brentford,2,1,H,26,5,12,2
E0 (1),Brentford,Bournemouth,3,2,H,12,15,6,3
E0 (1),Crystal Palace,Fulham,0,2,A,13,17,5,7
E0 (1),West Ham,Everton,0,0,D,11,18,6,4
E0 (1),Wolves,Southampton,2,0,H,8,9,4,0
E0 (1),Brighton,Man City,2,1,H,10,15,4,6
E0 (1),Liverpool,Aston Villa,2,0,H,14,12,5,2
E0 (1),Man United,Leicester,3,0,H,13,6,3,5
E0 (1),Nottm Forest,Newcastle,1,3,A,9,17,3,6
E0 (1),Tottenham,Ipswich,1,2,A,17,8,5,3
E0 (1),Chelsea,Arsenal,1,1,D,17,13,3,3
E0 (1),Leicester,Chelsea,1,2,A,4,16,1,7
E0 (1),Arsenal,Nottm Forest,3,0,H,19,7,7,0
E0 (1),Aston Villa,Crystal Palace,2,2,D,17,13,5,6
E0 (1),Bournemouth,Brighton,1,2,A,19,6,5,4
E0 (1),Everton,Brentford,0,0,D,27,9,5,2
E0 (1),Fulham,Wolves,1,4,A,10,10,3,5
E0 (1),Man City,Tottenham,0,4,A,23,9,5,7
E0 (1),Southampton,Liverpool,2,3,A,7,27,5,11
E0 (1),Ipswich,Man United,1,1,D,11,11,6,4
E0 (1),Newcastle,West Ham,0,2,A,18,15,2,6
E0 (1),Brighton,Southampton,1,1,D,22,10,5,2
E0 (1),Brentford,Leicester,4,1,H,13,7,6,3
E0 (1),Crystal Palace,Newcastle,1,1,D,16,1,4,0
E0 (1),Nottm Forest,Ipswich,1,0,H,12,7,5,3
E0 (1),Wolves,Bournemouth,2,4,A,10,12,3,8
E0 (1),West Ham,Arsenal,2,5,A,12,16,5,7
E0 (1),Chelsea,Aston Villa,3,0,H,17,10,8,4
E0 (1),Man United,Everton,4,0,H,11,8,5,2
E0 (1),Tottenham,Fulham,1,1,D,8,14,3,6
E0 (1),Liverpool,Man City,2,0,H,18,8,7,2
E0 (1),Ipswich,Crystal Palace,0,1,A,9,13,2,3
E0 (1),Leicester,West Ham,3,1,H,8,31,6,10
E0 (1),Everton,Wolves,4,0,H,13,6,4,2
E0 (1),Man City,Nottm Forest,3,0,H,17,12,7,3
E0 (1),Newcastle,Liverpool,3,3,D,17,16,6,5
E0 (1),Southampton,Chelsea,1,5,A,6,26,4,13
E0 (1),Arsenal,Man United,2,0,H,14,5,6,2
E0 (1),Aston Villa,Brentford,3,1,H,20,9,10,1
E0 (1),Fulham,Brighton,3,1,H,6,13,2,3
E0 (1),Bournemouth,Tottenham,1,0,H,21,12,8,4
E0 (1),Aston Villa,Southampton,1,0,H,18,4,5,0
E0 (1),Brentford,Newcastle,4,2,H,11,16,8,3
E0 (1),Crystal Palace,Man City,2,2,D,12,12,3,4
E0 (1),Man United,Nottm Forest,2,3,A,17,11,7,3
E0 (1),Fulham,Arsenal,1,1,D,2,12,2,4
E0 (1),Ipswich,Bournemouth,1,2,A,18,22,5,6
E0 (1),Leicester,Brighton,2,2,D,10,16,3,7
E0 (1),Tottenham,Chelsea,3,4,A,13,17,5,8
E0 (1),West Ham,Wolves,2,1,H,19,19,4,5
E0 (1),Arsenal,Everton,0,0,D,13,2,5,0
E0 (1),Liverpool,Fulham,2,2,D,16,12,4,3
E0 (1),Newcastle,Leicester,4,0,H,27,4,11,1
E0 (1),Wolves,Ipswich,1,2,A,16,10,6,5
E0 (1),Nottm Forest,Aston Villa,2,1,H,17,8,6,2
E0 (1),Brighton,Crystal Palace,1,3,A,17,13,5,5
E0 (1),Man City,Man United,1,2,A,10,10,3,3
E0 (1),Chelsea,Brentford,2,1,H,26,9,8,4
E0 (1),Southampton,Tottenham,0,5,A,9,18,3,9
E0 (1),Bournemouth,West Ham,1,1,D,29,16,9,3
E0 (1),Aston Villa,Man City,2,1,H,11,12,6,6
E0 (1),Brentford,Nottm Forest,0,2,A,7,10,3,6
E0 (1),Ipswich,Newcastle,0,4,A,10,15,2,7
E0 (1),West Ham,Brighton,1,1,D,11,12,4,6
E0 (1),Crystal Palace,Arsenal,1,5,A,15,14,6,6
E0 (1),Everton,Chelsea,0,0,D,5,12,4,5
E0 (1),Fulham,Southampton,0,0,D,16,5,5,1
E0 (1),Leicester,Wolves,0,3,A,9,8,5,4
E0 (1),Man United,Bournemouth,0,3,A,23,10,7,5
E0 (1),Tottenham,Liverpool,3,6,A,9,24,5,12
E0 (1),Man City,Everton,1,1,D,24,8,5,3
E0 (1),Bournemouth,Crystal Palace,0,0,D,18,10,4,4
E0 (1),Chelsea,Fulham,1,2,A,12,14,8,7
E0 (1),Newcastle,Aston Villa,3,0,H,22,4,8,1
E0 (1),Nottm Forest,Tottenham,1,0,H,10,13,3,4
E0 (1),Southampton,West Ham,0,1,A,18,16,5,2
E0 (1),Wolves,Man United,2,0,H,7,11,4,4
E0 (1),Liverpool,Leicester,3,1,H,19,4,7,1
E0 (1),Brighton,Brentford,0,0,D,24,8,7,3
E0 (1),Arsenal,Ipswich,1,0,H,13,3,5,0
E0 (1),Leicester,Man City,0,2,A,11,14,4,5
E0 (1),Crystal Palace,Southampton,2,1,H,19,7,10,3
E0 (1),Everton,Nottm Forest,0,2,A,13,11,2,7
E0 (1),Fulham,Bournemouth,2,2,D,11,16,6,9
E0 (1),Tottenham,Wolves,2,2,D,13,11,3,3
E0 (1),West Ham,Liverpool,0,5,A,7,22,0,13
E0 (1),Aston Villa,Brighton,2,2,D,20,13,4,4
E0 (1),Ipswich,Chelsea,2,0,H,9,20,6,5
E0 (1),Man United,Newcastle,0,2,A,10,12,0,4
E0 (1),Brentford,Arsenal,1,3,A,5,14,2,5
E0 (1),Tottenham,Newcastle,1,2,A,13,14,4,4
E0 (1),Aston Villa,Leicester,2,1,H,13,4,5,2
E0 (1),Bournemouth,Everton,1,0,H,19,9,8,0
E0 (1),Crystal Palace,Chelsea,1,1,D,13,15,6,1
E0 (1),Man City,West Ham,4,1,H,10,17,7,4
E0 (1),Southampton,Brentford,0,5,A,8,20,1,11
E0 (1),Brighton,Arsenal,1,1,D,11,9,4,3
E0 (1),Fulham,Ipswich,2,2,D,15,7,4,3
E0 (1),Liverpool,Man United,2,2,D,19,13,6,4
E0 (1),Wolves,Nottm Forest,0,3,A,13,11,6,3
E0 (1),Brentford,Man City,2,2,D,18,21,6,8
E0 (1),Chelsea,Bournemouth,2,2,D,26,7,10,3
E0 (1),West Ham,Fulham,3,2,H,4,21,3,5
E0 (1),Nottm Forest,Liverpool,1,1,D,6,23,3,7
E0 (1),Everton,Aston Villa,0,1,A,10,11,3,3
E0 (1),Leicester,Crystal Palace,0,2,A,21,9,4,4
E0 (1),Newcastle,Wolves,3,0,H,17,13,5,7
E0 (1),Arsenal,Tottenham,2,1,H,14,10,4,2
E0 (1),Ipswich,Brighton,0,2,A,5,11,3,5
E0 (1),Man United,Southampton,3,1,H,23,13,9,5
E0 (1),Newcastle,Bournemouth,1,4,A,13,19,5,10
E0 (1),Brentford,Liverpool,0,2,A,11,37,6,8
E0 (1),Leicester,Fulham,0,2,A,8,17,4,2
E0 (1),West Ham,Crystal Palace,0,2,A,7,12,0,7
E0 (1),Arsenal,Aston Villa,2,2,D,18,8,6,4
E0 (1),Everton,Tottenham,3,2,H,12,11,6,6
E0 (1),Man United,Brighton,1,3,A,10,6,1,3
E0 (1),Nottm Forest,Southampton,3,2,H,14,10,5,4
E0 (1),Ipswich,Man City,0,6,A,8,17,4,9
E0 (1),Chelsea,Wolves,3,1,H,19,9,7,4
E0 (1),Bournemouth,Nottm Forest,5,0,H,16,18,10,4
E0 (1),Brighton,Everton,0,1,A,16,3,1,1
E0 (1),Liverpool,Ipswich,4,1,H,16,3,6,3
E0 (1),Southampton,Newcastle,1,3,A,12,17,5,9
E0 (1),Wolves,Arsenal,0,1,A,9,9,4,3
E0 (1),Man City,Chelsea,3,1,H,15,10,6,4
E0 (1),Crystal Palace,Brentford,1,2,A,16,13,5,6
E0 (1),Tottenham,Leicester,1,2,A,15,12,6,3
E0 (1),Aston Villa,West Ham,1,1,D,14,14,4,4
E0 (1),Fulham,Man United,0,1,A,9,4,3,1
E0 (1),Nottm Forest,Brighton,7,0,H,14,10,9,5
E0 (1),Bournemouth,Liverpool,0,2,A,14,19,3,7
E0 (1),Everton,Leicester,4,0,H,13,9,7,1
E0 (1),Ipswich,Southampton,1,2,A,15,9,6,4
E0 (1),Newcastle,Fulham,1,2,A,11,15,4,4
E0 (1),Wolves,Aston Villa,2,0,H,8,10,5,3
E0 (1),Brentford,Tottenham,0,2,A,20,13,4,2
E0 (1),Man United,Crystal Palace,0,2,A,17,11,2,3
E0 (1),Arsenal,Man City,5,1,H,12,7,7,4
E0 (1),Chelsea,West Ham,2,1,H,22,14,3,5
E0 (1),Everton,Liverpool,2,2,D,10,6,3,4
E0 (1),Brighton,Chelsea,3,0,H,13,8,5,0
E0 (1),Leicester,Arsenal,0,2,A,6,11,2,5
E0 (1),Aston Villa,Ipswich,1,1,D,25,4,6,3
E0 (1),Fulham,Nottm Forest,2,1,H,24,8,10,2
E0 (1),Man City,Newcastle,4,0,H,11,3,7,1
E0 (1),Southampton,Bournemouth,1,3,A,11,14,4,7
E0 (1),West Ham,Brentford,0,1,A,13,14,3,5
E0 (1),Crystal Palace,Everton,1,2,A,17,11,6,6
E0 (1),Liverpool,Wolves,2,1,H,10,16,3,4
E0 (1),Tottenham,Man United,1,0,H,22,16,7,6
E0 (1),Aston Villa,Liverpool,2,2,D,9,17,4,3
E0 (1),Leicester,Brentford,0,4,A,8,14,3,6
E0 (1),Everton,Man United,2,2,D,9,9,8,3
E0 (1),Arsenal,West Ham,0,1,A,20,5,2,2
E0 (1),Bournemouth,Wolves,0,1,A,8,13,3,5
E0 (1),Fulham,Crystal Palace,0,2,A,10,10,0,5
E0 (1),Ipswich,Tottenham,1,4,A,17,10,5,6
E0 (1),Southampton,Brighton,0,4,A,6,18,1,12
E0 (1),Aston Villa,Chelsea,2,1,H,12,15,6,7
E0 (1),Newcastle,Nottm Forest,4,3,H,13,17,5,5
E0 (1),Man City,Liverpool,0,2,A,16,8,5,4
E0 (1),Brighton,Bournemouth,2,1,H,11,19,4,5
E0 (1),Crystal Palace,Aston Villa,4,1,H,19,6,6,2
E0 (1),Wolves,Fulham,1,2,A,18,11,5,5
E0 (1),Chelsea,Southampton,4,0,H,19,7,10,2
E0 (1),Brentford,Everton,1,1,D,12,14,3,4
E0 (1),Man United,Ipswich,3,2,H,10,12,6,3
E0 (1),Nottm Forest,Arsenal,0,0,D,6,13,2,1
E0 (1),Tottenham,Man City,0,1,A,11,12,6,5
E0 (1),Liverpool,Newcastle,2,0,H,12,3,3,0
E0 (1),West Ham,Leicester,2,0,H,8,10,2,2
E0 (1),Nottm Forest,Man City,1,0,H,9,14,4,3
E0 (1),Brighton,Fulham,2,1,H,9,6,4,1
E0 (1),Crystal Palace,Ipswich,1,0,H,19,15,4,8
E0 (1),Liverpool,Southampton,3,1,H,28,6,7,4
E0 (1),Brentford,Aston Villa,0,1,A,13,12,3,4
E0 (1),Wolves,Everton,1,1,D,11,12,3,4
E0 (1),Chelsea,Leicester,1,0,H,20,3,7,3
E0 (1),Tottenham,Bournemouth,2,2,D,12,17,4,8
E0 (1),Man United,Arsenal,1,1,D,10,17,6,6
E0 (1),West Ham,Newcastle,0,1,A,9,9,2,3
E0 (1),Everton,West Ham,1,1,D,13,10,5,5
E0 (1),Ipswich,Nottm Forest,2,4,A,11,11,4,6
E0 (1),Man City,Brighton,2,2,D,11,15,3,3
E0 (1),Southampton,Wolves,1,2,A,10,5,3,3
E0 (1),Bournemouth,Brentford,1,2,A,17,10,5,4
E0 (1),Arsenal,Chelsea,1,0,H,12,8,4,2
E0 (1),Fulham,Tottenham,2,0,H,13,12,4,4
E0 (1),Leicester,Man United,0,3,A,11,18,3,5
E0 (1),Arsenal,Fulham,2,1,H,17,9,4,3
E0 (1),Wolves,West Ham,1,0,H,9,10,2,1
E0 (1),Nottm Forest,Man United,1,0,H,8,23,2,6
E0 (1),Bournemouth,Ipswich,1,2,A,24,10,7,2
E0 (1),Brighton,Aston Villa,0,3,A,11,8,4,5
E0 (1),Man City,Leicester,2,0,H,18,2,5,0
E0 (1),Newcastle,Brentford,2,1,H,21,12,4,3
E0 (1),Southampton,Crystal Palace,1,1,D,8,9,2,3
E0 (1),Liverpool,Everton,1,0,H,17,5,3,0
E0 (1),Chelsea,Tottenham,1,0,H,11,8,5,2
E0 (1),Everton,Arsenal,1,1,D,5,14,2,5
E0 (1),Crystal Palace,Brighton,2,1,H,8,11,3,5
E0 (1),Ipswich,Wolves,1,2,A,6,22,2,7
E0 (1),West Ham,Bournemouth,2,2,D,9,11,3,4
E0 (1),Aston Villa,Nottm Forest,2,1,H,17,19,8,3
E0 (1),Brentford,Chelsea,0,0,D,9,21,2,5
E0 (1),Fulham,Liverpool,3,2,H,12,14,6,6
E0 (1),Tottenham,Southampton,3,1,H,13,12,8,4
E0 (1),Man United,Man City,0,0,D,13,9,2,5
E0 (1),Leicester,Newcastle,0,3,A,7,16,2,5
E0 (1),Man City,Crystal Palace,5,2,H,21,8,9,3
E0 (1),Brighton,Leicester,2,2,D,21,15,7,6
E0 (1),Nottm Forest,Everton,0,1,A,10,13,5,5
E0 (1),Southampton,Aston Villa,0,3,A,7,25,2,10
E0 (1),Arsenal,Brentford,1,1,D,14,3,3,2
E0 (1),Chelsea,Ipswich,2,2,D,34,13,9,4
E0 (1),Liverpool,West Ham,2,1,H,15,11,6,4
E0 (1),Wolves,Tottenham,4,2,H,13,11,5,4
E0 (1),Newcastle,Man United,4,1,H,13,9,6,5
E0 (1),Bournemouth,Fulham,1,0,H,12,12,3,7
E0 (1),Newcastle,Crystal Palace,5,0,H,14,11,7,4
E0 (1),Brentford,Brighton,4,2,H,16,12,8,3
E0 (1),Crystal Palace,Bournemouth,0,0,D,5,15,0,4
E0 (1),Everton,Man City,0,2,A,8,12,3,7
E0 (1),West Ham,Southampton,1,1,D,12,15,4,4
E0 (1),Aston Villa,Newcastle,4,1,H,23,10,9,3
E0 (1),Fulham,Chelsea,1,2,A,6,13,1,8
E0 (1),Ipswich,Arsenal,0,4,A,4,24,0,7
E0 (1),Man United,Wolves,0,1,A,12,4,2,2
E0 (1),Leicester,Liverpool,0,1,A,5,28,0,10
E0 (1),Tottenham,Nottm Forest,1,2,A,22,4,6,3
E0 (1),Man City,Aston Villa,2,1,H,14,7,6,3
E0 (1),Arsenal,Crystal Palace,2,2,D,12,15,6,4
E0 (1),Chelsea,Everton,1,0,H,10,6,7,3
E0 (1),Brighton,West Ham,3,2,H,16,12,9,4
E0 (1),Newcastle,Ipswich,3,0,H,25,4,5,0
E0 (1),Southampton,Fulham,1,2,A,7,26,3,5
E0 (1),Wolves,Leicester,3,0,H,20,8,6,2
E0 (1),Bournemouth,Man United,1,1,D,8,25,1,6
E0 (1),Liverpool,Tottenham,5,1,H,25,8,8,3
E0 (1),Nottm Forest,Brentford,0,2,A,14,11,5,3
E0 (1),Man City,Wolves,1,0,H,9,6,2,1
E0 (1),Aston Villa,Fulham,1,0,H,10,11,3,3
E0 (1),Everton,Ipswich,2,2,D,8,12,3,5
E0 (1),Leicester,Southampton,2,0,H,14,8,4,2
E0 (1),Arsenal,Bournemouth,1,2,A,13,9,4,2
E0 (1),Brentford,Man United,4,3,H,12,14,6,5
E0 (1),Brighton,Newcastle,1,1,D,5,13,2,5
E0 (1),West Ham,Tottenham,1,1,D,11,7,2,2
E0 (1),Chelsea,Liverpool,3,1,H,17,11,7,2
E0 (1),Crystal Palace,Nottm Forest,1,1,D,20,12,3,4
E0 (1),Fulham,Everton,1,3,A,18,11,6,7
E0 (1),Ipswich,Brentford,0,1,A,11,15,4,5
E0 (1),Southampton,Man City,0,0,D,2,26,0,5
E0 (1),Wolves,Brighton,0,2,A,10,7,3,2
E0 (1),Bournemouth,Aston Villa,0,1,A,10,6,4,3
E0 (1),Newcastle,Chelsea,2,0,H,15,10,6,3
E0 (1),Man United,West Ham,0,2,A,20,9,5,4
E0 (1),Nottm Forest,Leicester,2,2,D,15,10,4,6
E0 (1),Tottenham,Crystal Palace,0,2,A,8,23,1,10
E0 (1),Liverpool,Arsenal,2,2,D,14,15,5,7
E0 (1),Aston Villa,Tottenham,2,0,H,18,3,7,1
E0 (1),Chelsea,Man United,1,0,H,11,4,3,1
E0 (1),Everton,Southampton,2,0,H,13,6,5,2
E0 (1),West Ham,Nottm Forest,1,2,A,16,10,5,5
E0 (1),Brentford,Fulham,2,3,A,11,16,6,7
E0 (1),Leicester,Ipswich,2,0,H,9,20,3,2
E0 (1),Arsenal,Newcastle,1,0,H,12,14,4,5
E0 (1),Brighton,Liverpool,3,2,H,25,18,12,5
E0 (1),Crystal Palace,Wolves,4,2,H,14,12,10,3
E0 (1),Man City,Bournemouth,3,1,H,12,8,5,2
E0 (1),Bournemouth,Leicester,2,0,H,20,3,7,0
E0 (1),Fulham,Man City,0,2,A,13,20,3,5
E0 (1),Ipswich,West Ham,1,3,A,14,10,4,6
E0 (1),Liverpool,Crystal Palace,1,1,D,14,8,3,5
E0 (1),Man United,Aston Villa,2,0,H,25,6,10,1
E0 (1),Newcastle,Everton,0,1,A,17,14,6,6
E0 (1),Nottm Forest,Chelsea,0,1,A,10,6,2,2
E0 (1),Southampton,Arsenal,1,2,A,7,23,2,8
E0 (1),Tottenham,Brighton,1,4,A,4,23,2,8
E0 (1),Wolves,Brentford,1,1,D,18,13,6,7
E0 (2),Burnley,Man City,0,3,A,6,17,1,8
E0 (2),Arsenal,Nottm Forest,2,1,H,15,6,7,2
E0 (2),Bournemouth,West Ham,1,1,D,14,16,5,3
E0 (2),Brighton,Luton,4,1,H,27,9,12,3
E0 (2),Everton,Fulham,0,1,A,19,9,9,2
E0 (2),Sheffield United,Crystal Palace,0,1,A,8,24,1,8
E0 (2),Newcastle,Aston Villa,5,1,H,17,16,13,6
E0 (2),Brentford,Tottenham,2,2,D,11,18,6,6
E0 (2),Chelsea,Liverpool,1,1,D,10,13,4,1
E0 (2),Man United,Wolves,1,0,H,15,23,3,6
E0 (2),Nottm Forest,Sheffield United,2,1,H,16,7,4,3
E0 (2),Fulham,Brentford,0,3,A,10,17,2,8
E0 (2),Liverpool,Bournemouth,3,1,H,26,13,10,5
E0 (2),Wolves,Brighton,1,4,A,16,16,5,8
E0 (2),Tottenham,Man United,2,0,H,17,22,6,6
E0 (2),Man City,Newcastle,1,0,H,14,7,4,1
E0 (2),Aston Villa,Everton,4,0,H,13,9,7,2
E0 (2),West Ham,Chelsea,3,1,H,12,17,6,4
E0 (2),Crystal Palace,Arsenal,0,1,A,14,14,2,3
E0 (2),Chelsea,Luton,3,0,H,19,11,8,1
E0 (2),Bournemouth,Tottenham,0,2,A,11,17,3,6
E0 (2),Arsenal,Fulham,2,2,D,19,8,11,3
E0 (2),Brentford,Crystal Palace,1,1,D,12,15,1,5
E0 (2),Everton,Wolves,0,1,A,15,11,7,2
E0 (2),Man United,Nottm Forest,3,2,H,18,9,9,4
E0 (2),Brighton,West Ham,1,3,A,25,12,10,3
E0 (2),Burnley,Aston Villa,1,3,A,9,16,2,6
E0 (2),Sheffield United,Man City,1,2,A,6,30,2,9
E0 (2),Newcastle,Liverpool,1,2,A,23,9,8,4
E0 (2),Luton,West Ham,1,2,A,16,9,1,3
E0 (2),Sheffield United,Everton,2,2,D,13,16,8,6
E0 (2),Brentford,Bournemouth,2,2,D,21,12,7,5
E0 (2),Burnley,Tottenham,2,5,A,16,20,4,10
E0 (2),Chelsea,Nottm Forest,0,1,A,21,7,2,3
E0 (2),Man City,Fulham,5,1,H,7,6,5,4
E0 (2),Brighton,Newcastle,3,1,H,15,9,6,2
E0 (2),Crystal Palace,Wolves,3,2,H,16,12,11,4
E0 (2),Liverpool,Aston Villa,3,0,H,17,9,4,3
E0 (2),Arsenal,Man United,3,1,H,17,10,5,2
E0 (2),Wolves,Liverpool,1,3,A,11,16,2,6
E0 (2),Aston Villa,Crystal Palace,3,1,H,16,6,5,3
E0 (2),Fulham,Luton,1,0,H,13,7,2,2
E0 (2),Man United,Brighton,1,3,A,14,10,4,8
E0 (2),Tottenham,Sheffield United,2,1,H,28,7,10,5
E0 (2),West Ham,Man City,1,3,A,6,29,3,15
E0 (2),Newcastle,Brentford,1,0,H,9,11,2,2
E0 (2),Bournemouth,Chelsea,0,0,D,13,14,4,6
E0 (2),Everton,Arsenal,0,1,A,8,13,1,4
E0 (2),Nottm Forest,Burnley,1,1,D,14,10,4,3
E0 (2),Crystal Palace,Fulham,0,0,D,7,10,3,5
E0 (2),Luton,Wolves,1,1,D,20,3,4,3
E0 (2),Man City,Nottm Forest,2,0,H,7,10,4,3
E0 (2),Brentford,Everton,1,3,A,12,18,2,6
E0 (2),Burnley,Man United,0,1,A,12,11,4,4
E0 (2),Arsenal,Tottenham,2,2,D,13,13,6,5
E0 (2),Brighton,Bournemouth,3,1,H,13,12,4,4
E0 (2),Chelsea,Aston Villa,0,1,A,10,15,4,7
E0 (2),Liverpool,West Ham,3,1,H,22,11,7,4
E0 (2),Sheffield United,Newcastle,0,8,A,9,22,1,15
E0 (2),Aston Villa,Brighton,6,1,H,19,11,9,3
E0 (2),Bournemouth,Arsenal,0,4,A,8,15,1,8
E0 (2),Everton,Luton,1,2,A,23,9,5,2
E0 (2),Man United,Crystal Palace,0,1,A,19,8,4,2
E0 (2),Newcastle,Burnley,2,0,H,20,8,8,2
E0 (2),West Ham,Sheffield United,2,0,H,20,16,9,2
E0 (2),Wolves,Man City,2,1,H,3,23,1,8
E0 (2),Tottenham,Liverpool,2,1,H,24,12,8,4
E0 (2),Nottm Forest,Brentford,1,1,D,6,18,1,5
E0 (2),Fulham,Chelsea,0,2,A,10,11,3,4
E0 (2),Luton,Burnley,1,2,A,18,14,3,4
E0 (2),Luton,Tottenham,0,1,A,12,15,2,4
E0 (2),Burnley,Chelsea,1,4,A,10,9,3,5
E0 (2),Everton,Bournemouth,3,0,H,25,11,8,4
E0 (2),Fulham,Sheffield United,3,1,H,20,5,6,2
E0 (2),Man United,Brentford,2,1,H,21,11,8,3
E0 (2),Crystal Palace,Nottm Forest,0,0,D,8,16,2,5
E0 (2),Brighton,Liverpool,2,2,D,14,14,3,4
E0 (2),West Ham,Newcastle,2,2,D,5,10,3,3
E0 (2),Wolves,Aston Villa,1,1,D,8,18,3,4
E0 (2),Arsenal,Man City,1,0,H,12,4,2,1
E0 (2),Liverpool,Everton,2,0,H,26,6,6,1
E0 (2),Bournemouth,Wolves,1,2,A,7,20,4,7
E0 (2),Brentford,Burnley,3,0,H,23,6,10,1
E0 (2),Man City,Brighton,2,1,H,10,5,6,3
E0 (2),Newcastle,Crystal Palace,4,0,H,10,17,7,3
E0 (2),Nottm Forest,Luton,2,2,D,19,13,8,4
E0 (2),Chelsea,Arsenal,2,2,D,11,13,5,3
E0 (2),Sheffield United,Man United,1,2,A,12,14,6,5
E0 (2),Aston Villa,West Ham,4,1,H,15,14,7,4
E0 (2),Tottenham,Fulham,2,0,H,15,10,5,3
E0 (2),Crystal Palace,Tottenham,1,2,A,13,10,3,1
E0 (2),Chelsea,Brentford,0,2,A,17,7,2,5
E0 (2),Arsenal,Sheffield United,5,0,H,13,2,8,0
E0 (2),Bournemouth,Burnley,2,1,H,13,6,6,3
E0 (2),Wolves,Newcastle,2,2,D,11,13,6,5
E0 (2),West Ham,Everton,0,1,A,12,10,2,4
E0 (2),Aston Villa,Luton,3,1,H,17,7,6,1
E0 (2),Brighton,Fulham,1,1,D,18,10,7,5
E0 (2),Liverpool,Nottm Forest,3,0,H,21,9,8,1
E0 (2),Man United,Man City,0,3,A,7,21,3,10
E0 (2),Fulham,Man United,0,1,A,18,12,3,5
E0 (2),Brentford,West Ham,3,2,H,16,12,4,2
E0 (2),Burnley,Crystal Palace,0,2,A,17,4,5,3
E0 (2),Everton,Brighton,1,1,D,10,7,4,2
E0 (2),Man City,Bournemouth,6,1,H,21,5,8,1
E0 (2),Sheffield United,Wolves,2,1,H,11,10,2,3
E0 (2),Newcastle,Arsenal,1,0,H,9,14,2,1
E0 (2),Nottm Forest,Aston Villa,2,0,H,5,13,3,3
E0 (2),Luton,Liverpool,1,1,D,8,24,5,6
E0 (2),Tottenham,Chelsea,1,4,A,8,17,5,8
E0 (2),Wolves,Tottenham,2,1,H,17,6,4,2
E0 (2),Arsenal,Burnley,3,1,H,16,8,6,5
E0 (2),Crystal Palace,Everton,2,3,A,13,8,4,4
E0 (2),Man United,Luton,1,0,H,15,10,4,4
E0 (2),Bournemouth,Newcastle,2,0,H,19,8,10,5
E0 (2),Aston Villa,Fulham,3,1,H,12,9,6,5
E0 (2),Brighton,Sheffield United,1,1,D,11,9,6,1
E0 (2),Liverpool,Brentford,3,0,H,17,16,10,3
E0 (2),West Ham,Nottm Forest,3,2,H,16,10,6,5
E0 (2),Chelsea,Man City,4,4,D,17,15,9,10
E0 (2),Man City,Liverpool,1,1,D,16,8,5,3
E0 (2),Burnley,West Ham,1,2,A,11,11,5,3
E0 (2),Luton,Crystal Palace,2,1,H,8,16,3,8
E0 (2),Newcastle,Chelsea,4,1,H,14,7,5,4
E0 (2),Nottm Forest,Brighton,2,3,A,18,11,5,5
E0 (2),Sheffield United,Bournemouth,1,3,A,10,23,2,11
E0 (2),Brentford,Arsenal,0,1,A,9,15,3,4
E0 (2),Tottenham,Aston Villa,1,2,A,18,15,8,5
E0 (2),Everton,Man United,0,3,A,24,9,6,4
E0 (2),Fulham,Wolves,3,2,H,12,10,6,6
E0 (2),Arsenal,Wolves,2,1,H,19,6,6,3
E0 (2),Brentford,Luton,3,1,H,27,7,6,1
E0 (2),Burnley,Sheffield United,5,0,H,19,6,7,3
E0 (2),Nottm Forest,Everton,0,1,A,13,12,2,3
E0 (2),Newcastle,Man United,1,0,H,22,8,4,1
E0 (2),Bournemouth,Aston Villa,2,2,D,15,11,7,3
E0 (2),Chelsea,Brighton,3,2,H,8,18,5,9
E0 (2),Liverpool,Fulham,4,3,H,26,9,12,5
E0 (2),West Ham,Crystal Palace,1,1,D,9,9,3,2
E0 (2),Man City,Tottenham,3,3,D,18,8,4,4
E0 (2),Wolves,Burnley,1,0,H,7,12,4,3
E0 (2),Luton,Arsenal,3,4,A,6,23,4,9
E0 (2),Brighton,Brentford,2,1,H,18,8,7,2
E0 (2),Crystal Palace,Bournemouth,0,2,A,16,11,3,4
E0 (2),Fulham,Nottm Forest,5,0,H,14,4,6,1
E0 (2),Sheffield United,Liverpool,0,2,A,6,15,1,8
E0 (2),Aston Villa,Man City,1,0,H,22,2,7,2
E0 (2),Man United,Chelsea,2,1,H,28,13,9,3
E0 (2),Everton,Newcastle,3,0,H,21,13,6,3
E0 (2),Tottenham,West Ham,1,2,A,23,11,7,5
E0 (2),Crystal Palace,Liverpool,1,2,A,8,14,4,2
E0 (2),Brighton,Burnley,1,1,D,29,6,11,3
E0 (2),Man United,Bournemouth,0,3,A,20,10,3,4
E0 (2),Sheffield United,Brentford,1,0,H,9,10,4,4
E0 (2),Wolves,Nottm Forest,1,1,D,10,8,4,2
E0 (2),Aston Villa,Arsenal,1,0,H,10,12,3,5
E0 (2),Everton,Chelsea,2,0,H,9,16,5,4
E0 (2),Fulham,West Ham,5,0,H,14,9,8,5
E0 (2),Luton,Man City,1,2,A,4,18,2,6
E0 (2),Tottenham,Newcastle,4,1,H,23,9,12,3
E0 (2),Nottm Forest,Tottenham,0,2,A,15,12,1,6
E0 (2),Chelsea,Sheffield United,2,0,H,15,6,6,1
E0 (2),Man City,Crystal Palace,2,2,D,19,5,9,2
E0 (2),Newcastle,Fulham,3,0,H,27,6,10,4
E0 (2),Burnley,Everton,0,2,A,14,9,2,6
E0 (2),Arsenal,Brighton,2,0,H,26,6,9,1
E0 (2),Brentford,Aston Villa,1,2,A,4,15,3,5
E0 (2),West Ham,Wolves,3,0,H,13,14,4,3
E0 (2),Liverpool,Man United,0,0,D,34,6,8,1
E0 (2),Crystal Palace,Brighton,1,1,D,11,18,3,6
E0 (2),Aston Villa,Sheffield United,1,1,D,12,5,4,2
E0 (2),West Ham,Man United,2,0,H,12,11,5,3
E0 (2),Fulham,Burnley,0,2,A,19,7,5,2
E0 (2),Luton,Newcastle,1,0,H,16,15,5,2
E0 (2),Nottm Forest,Bournemouth,2,3,A,11,18,5,7
E0 (2),Tottenham,Everton,2,1,H,13,18,6,8
E0 (2),Liverpool,Arsenal,1,1,D,13,13,3,2
E0 (2),Wolves,Chelsea,2,1,H,14,16,6,5
E0 (2),Newcastle,Nottm Forest,1,3,A,19,15,7,6
E0 (2),Bournemouth,Fulham,3,0,H,16,8,4,3
E0 (2),Sheffield United,Luton,2,3,A,21,12,6,4
E0 (2),Burnley,Liverpool,0,2,A,9,19,0,10
E0 (2),Man United,Aston Villa,3,2,H,13,10,7,4
E0 (2),Brentford,Wolves,1,4,A,14,11,4,5
E0 (2),Chelsea,Crystal Palace,2,1,H,9,13,4,5
E0 (2),Everton,Man City,1,3,A,7,23,2,9
E0 (2),Brighton,Tottenham,4,2,H,15,19,9,3
E0 (2),Arsenal,West Ham,0,2,A,30,6,8,3
E0 (2),Luton,Chelsea,2,3,A,15,12,6,8
E0 (2),Aston Villa,Burnley,3,2,H,19,9,7,5
E0 (2),Crystal Palace,Brentford,3,1,H,13,9,6,4
E0 (2),Man City,Sheffield United,2,0,H,18,4,4,2
E0 (2),Wolves,Everton,3,0,H,12,10,6,0
E0 (2),Nottm Forest,Man United,2,1,H,8,10,2,5
E0 (2),Fulham,Arsenal,2,1,H,15,13,4,3
E0 (2),Tottenham,Bournemouth,3,1,H,12,24,6,4
E0 (2),Liverpool,Newcastle,4,2,H,34,5,15,3
E0 (2),West Ham,Brighton,0,0,D,6,22,2,8
E0 (2),Burnley,Luton,1,1,D,13,14,7,5
E0 (2),Chelsea,Fulham,1,0,H,17,14,3,4
E0 (2),Newcastle,Man City,2,3,A,12,27,5,11
E0 (2),Everton,Aston Villa,0,0,D,10,16,2,5
E0 (2),Man United,Tottenham,2,2,D,9,16,2,6
E0 (2),Arsenal,Crystal Palace,5,0,H,21,12,6,5
E0 (2),Brentford,Nottm Forest,3,2,H,11,12,5,3
E0 (2),Sheffield United,West Ham,2,2,D,21,16,6,5
E0 (2),Bournemouth,Liverpool,0,4,A,11,14,1,7
E0 (2),Brighton,Wolves,0,0,D,11,8,4,3
E0 (2),Nottm Forest,Arsenal,1,2,A,9,19,3,3
E0 (2),Fulham,Everton,0,0,D,25,21,6,4
E0 (2),Luton,Brighton,4,0,H,18,9,8,2
E0 (2),Crystal Palace,Sheffield United,3,2,H,12,9,4,5
E0 (2),Aston Villa,Newcastle,1,3,A,12,14,6,5
E0 (2),Man City,Burnley,3,1,H,14,8,4,3
E0 (2),Tottenham,Brentford,3,2,H,19,9,5,5
E0 (2),Liverpool,Chelsea,4,1,H,28,4,13,3
E0 (2),West Ham,Bournemouth,1,1,D,9,9,3,4
E0 (2),Wolves,Man United,3,4,A,16,21,7,8
E0 (2),Everton,Tottenham,2,2,D,14,9,5,6
E0 (2),Brighton,Crystal Palace,4,1,H,13,7,6,5
E0 (2),Burnley,Fulham,2,2,D,12,15,4,7
E0 (2),Newcastle,Luton,4,4,D,19,11,6,8
E0 (2),Sheffield United,Aston Villa,0,5,A,10,14,5,10
E0 (2),Bournemouth,Nottm Forest,1,1,D,9,8,2,6
E0 (2),Chelsea,Wolves,2,4,A,15,14,6,7
E0 (2),Man United,West Ham,3,0,H,12,22,5,3
E0 (2),Arsenal,Liverpool,3,1,H,15,10,7,1
E0 (2),Brentford,Man City,1,3,A,9,25,3,15
E0 (2),Man City,Everton,2,0,H,19,5,3,1
E0 (2),Fulham,Bournemouth,3,1,H,7,25,6,4
E0 (2),Liverpool,Burnley,3,1,H,25,9,10,4
E0 (2),Luton,Sheffield United,1,3,A,20,7,5,3
E0 (2),Tottenham,Brighton,2,1,H,16,6,6,3
E0 (2),Wolves,Brentford,0,2,A,17,9,5,6
E0 (2),Nottm Forest,Newcastle,2,3,A,13,7,3,5
E0 (2),West Ham,Arsenal,0,6,A,5,25,1,12
E0 (2),Aston Villa,Man United,1,2,A,23,17,10,5
E0 (2),Crystal Palace,Chelsea,1,3,A,13,14,4,5
E0 (2),Brentford,Liverpool,1,4,A,15,15,6,8
E0 (2),Burnley,Arsenal,0,5,A,8,16,0,7
E0 (2),Fulham,Aston Villa,1,2,A,15,12,4,3
E0 (2),Newcastle,Bournemouth,2,2,D,17,12,5,7
E0 (2),Nottm Forest,West Ham,2,0,H,19,10,8,3
E0 (2),Tottenham,Wolves,1,2,A,15,12,4,7
E0 (2),Man City,Chelsea,1,1,D,31,9,5,6
E0 (2),Sheffield United,Brighton,0,5,A,6,24,1,10
E0 (2),Luton,Man United,1,2,A,22,21,4,9
E0 (2),Everton,Crystal Palace,1,1,D,19,10,4,4
E0 (2),Man City,Brentford,1,0,H,25,6,11,2
E0 (2),Liverpool,Luton,4,1,H,29,12,13,3
E0 (2),Aston Villa,Nottm Forest,4,2,H,16,10,6,3
E0 (2),Brighton,Everton,1,1,D,23,6,7,3
E0 (2),Crystal Palace,Burnley,3,0,H,15,2,6,0
E0 (2),Man United,Fulham,1,2,A,21,17,9,5
E0 (2),Bournemouth,Man City,0,1,A,13,15,4,6
E0 (2),Arsenal,Newcastle,4,1,H,18,3,8,2
E0 (2),Wolves,Sheffield United,1,0,H,13,12,2,4
E0 (2),West Ham,Brentford,4,2,H,17,14,6,8
E0 (2),Brentford,Chelsea,2,2,D,14,17,5,6
E0 (2),Everton,West Ham,1,3,A,22,12,11,5
E0 (2),Fulham,Brighton,3,0,H,12,15,5,5
E0 (2),Newcastle,Wolves,3,0,H,14,12,7,3
E0 (2),Nottm Forest,Liverpool,0,1,A,8,22,2,2
E0 (2),Tottenham,Crystal Palace,3,1,H,14,4,6,1
E0 (2),Luton,Aston Villa,2,3,A,13,12,5,8
E0 (2),Burnley,Bournemouth,0,2,A,20,10,6,3
E0 (2),Man City,Man United,3,1,H,27,3,8,1
E0 (2),Sheffield United,Arsenal,0,6,A,4,22,0,10
E0 (2),Man United,Everton,2,0,H,15,23,8,6
E0 (2),Bournemouth,Sheffield United,2,2,D,32,13,12,9
E0 (2),Crystal Palace,Luton,1,1,D,21,8,4,2
E0 (2),Wolves,Fulham,2,1,H,8,23,3,6
E0 (2),Arsenal,Brentford,2,1,H,17,9,6,4
E0 (2),Aston Villa,Tottenham,0,4,A,10,9,1,5
E0 (2),Brighton,Nottm Forest,1,0,H,10,9,3,4
E0 (2),West Ham,Burnley,2,2,D,22,11,4,4
E0 (2),Liverpool,Man City,1,1,D,19,10,6,6
E0 (2),Chelsea,Newcastle,3,2,H,12,11,8,3
E0 (2),Bournemouth,Luton,4,3,H,24,8,10,4
E0 (2),Burnley,Brentford,2,1,H,17,9,6,5
E0 (2),Luton,Nottm Forest,1,1,D,10,16,4,6
E0 (2),Fulham,Tottenham,3,0,H,16,14,7,5
E0 (2),West Ham,Aston Villa,1,1,D,13,13,5,5
E0 (2),Newcastle,West Ham,4,3,H,24,10,9,4
E0 (2),Bournemouth,Everton,2,1,H,11,7,4,3
E0 (2),Chelsea,Burnley,2,2,D,33,18,13,7
E0 (2),Nottm Forest,Crystal Palace,1,1,D,12,10,5,3
E0 (2),Sheffield United,Fulham,3,3,D,8,24,4,9
E0 (2),Tottenham,Luton,2,1,H,17,7,4,3
E0 (2),Aston Villa,Wolves,2,0,H,11,13,5,3
E0 (2),Brentford,Man United,1,1,D,31,11,5,5
E0 (2),Liverpool,Brighton,2,1,H,30,9,8,3
E0 (2),Man City,Arsenal,0,0,D,12,6,1,2
E0 (2),Newcastle,Everton,1,1,D,18,10,6,3
E0 (2),Nottm Forest,Fulham,3,1,H,16,18,4,3
E0 (2),Bournemouth,Crystal Palace,1,0,H,11,3,6,2
E0 (2),Burnley,Wolves,1,1,D,13,8,6,2
E0 (2),West Ham,Tottenham,1,1,D,11,13,4,4
E0 (2),Arsenal,Luton,2,0,H,13,5,4,1
E0 (2),Brentford,Brighton,0,0,D,5,24,2,6
E0 (2),Man City,Aston Villa,4,1,H,25,8,11,3
E0 (2),Liverpool,Sheffield United,3,1,H,29,8,9,3
E0 (2),Chelsea,Man United,4,3,H,28,19,10,5
E0 (2),Crystal Palace,Man City,2,4,A,7,18,4,8
E0 (2),Aston Villa,Brentford,3,3,D,11,8,3,3
E0 (2),Everton,Burnley,1,0,H,12,6,3,1
E0 (2),Fulham,Newcastle,0,1,A,14,12,4,5
E0 (2),Luton,Bournemouth,2,1,H,19,8,9,1
E0 (2),Wolves,West Ham,1,2,A,14,11,7,4
E0 (2),Brighton,Arsenal,0,3,A,10,20,2,7
E0 (2),Man United,Liverpool,2,2,D,9,28,5,7
E0 (2),Sheffield United,Chelsea,2,2,D,11,6,6,3
E0 (2),Tottenham,Nottm Forest,3,1,H,17,13,7,6
E0 (2),Newcastle,Tottenham,4,0,H,18,11,5,2
E0 (2),Brentford,Sheffield United,2,0,H,9,8,5,2
E0 (2),Burnley,Brighton,1,1,D,11,20,3,8
E0 (2),Man City,Luton,5,1,H,33,4,13,2
E0 (2),Nottm Forest,Wolves,2,2,D,18,11,9,4
E0 (2),Bournemouth,Man United,2,2,D,20,8,5,2
E0 (2),Liverpool,Crystal Palace,0,1,A,21,8,6,5
E0 (2),West Ham,Fulham,0,2,A,15,18,4,10
E0 (2),Arsenal,Aston Villa,0,2,A,18,11,4,2
E0 (2),Chelsea,Everton,6,0,H,14,10,10,2
E0 (2),Luton,Brentford,1,5,A,6,21,3,9
E0 (2),Sheffield United,Burnley,1,4,A,18,16,11,9
E0 (2),Wolves,Arsenal,0,2,A,5,24,3,9
E0 (2),Everton,Nottm Forest,2,0,H,7,8,4,3
E0 (2),Aston Villa,Bournemouth,3,1,H,14,14,4,6
E0 (2),Crystal Palace,West Ham,5,2,H,18,4,7,1
E0 (2),Fulham,Liverpool,1,3,A,12,14,5,7
E0 (2),Arsenal,Chelsea,5,0,H,27,7,10,1
E0 (2),Wolves,Bournemouth,0,1,A,15,21,4,6
E0 (2),Crystal Palace,Newcastle,2,0,H,20,7,7,2
E0 (2),Everton,Liverpool,2,0,H,16,23,6,7
E0 (2),Man United,Sheffield United,4,2,H,25,10,13,4
E0 (2),Brighton,Man City,0,4,A,7,14,3,6
E0 (2),West Ham,Liverpool,2,2,D,11,28,8,8
E0 (2),Fulham,Crystal Palace,1,1,D,9,14,2,4
E0 (2),Man United,Burnley,1,1,D,27,16,10,7
E0 (2),Newcastle,Sheffield United,5,1,H,20,15,7,5
E0 (2),Wolves,Luton,2,1,H,13,9,5,6
E0 (2),Everton,Brentford,1,0,H,18,10,1,4
E0 (2),Aston Villa,Chelsea,2,2,D,9,21,4,5
E0 (2),Bournemouth,Brighton,3,0,H,15,13,6,1
E0 (2),Tottenham,Arsenal,2,3,A,14,9,2,3
E0 (2),Nottm Forest,Man City,0,2,A,14,11,2,5
E0 (2),Chelsea,Tottenham,2,0,H,16,19,5,3
E0 (2),Luton,Everton,1,1,D,18,10,5,3
E0 (2),Arsenal,Bournemouth,3,0,H,25,7,9,2
E0 (2),Brentford,Fulham,0,0,D,7,15,3,3
E0 (2),Burnley,Newcastle,1,4,A,17,23,5,11
E0 (2),Sheffield United,Nottm Forest,1,3,A,17,15,5,4
E0 (2),Man City,Wolves,5,1,H,20,2,12,1
E0 (2),Brighton,Aston Villa,1,0,H,15,2,8,1
E0 (2),Chelsea,West Ham,5,0,H,25,13,14,2
E0 (2),Liverpool,Tottenham,4,2,H,25,11,13,6
E0 (2),Crystal Palace,Man United,4,0,H,18,7,10,2
E0 (2),Fulham,Man City,0,4,A,1,16,1,9
E0 (2),Bournemouth,Brentford,1,2,A,13,11,4,5
E0 (2),Everton,Sheffield United,1,0,H,15,13,6,1
E0 (2),Newcastle,Brighton,1,1,D,18,15,7,4
E0 (2),Tottenham,Burnley,2,1,H,21,7,9,3
E0 (2),West Ham,Luton,3,1,H,24,4,8,1
E0 (2),Wolves,Crystal Palace,1,3,A,13,13,7,3
E0 (2),Nottm Forest,Chelsea,2,3,A,20,12,4,5
E0 (2),Man United,Arsenal,0,1,A,14,11,2,5
E0 (2),Aston Villa,Liverpool,3,3,D,19,14,5,7
E0 (2),Tottenham,Man City,0,2,A,10,8,5,5
E0 (2),Brighton,Chelsea,1,2,A,12,13,2,6
E0 (2),Man United,Newcastle,3,2,H,17,21,8,8
E0 (2),Arsenal,Everton,2,1,H,26,5,5,2
E0 (2),Brentford,Newcastle,2,4,A,10,12,5,7
E0 (2),Brighton,Man United,0,2,A,17,11,3,4
E0 (2),Burnley,Nottm Forest,1,2,A,20,12,3,6
E0 (2),Chelsea,Bournemouth,2,1,H,16,22,6,5
E0 (2),Crystal Palace,Aston Villa,5,0,H,15,8,9,2
E0 (2),Liverpool,Wolves,2,0,H,36,4,14,3
E0 (2),Luton,Fulham,2,4,A,15,15,6,7
E0 (2),Man City,West Ham,3,1,H,28,3,12,2
E0 (2),Sheffield United,Tottenham,0,3,A,6,18,1,9
E0 (3),Crystal Palace,Arsenal,0,2,A,10,10,2,2
E0 (3),Fulham,Liverpool,2,2,D,9,11,3,4
E0 (3),Bournemouth,Aston Villa,2,0,H,7,15,3,2
E0 (3),Leeds,Wolves,2,1,H,12,15,4,6
E0 (3),Newcastle,Nottm Forest,2,0,H,23,5,10,0
E0 (3),Tottenham,Southampton,4,1,H,18,10,8,2
E0 (3),Everton,Chelsea,0,1,A,8,15,4,6
E0 (3),Leicester,Brentford,2,2,D,14,8,5,3
E0 (3),Man United,Brighton,1,2,A,17,15,5,4
E0 (3),West Ham,Man City,0,2,A,6,14,1,2
E0 (3),Aston Villa,Everton,2,1,H,12,15,4,4
E0 (3),Arsenal,Leicester,4,2,H,19,6,7,2
E0 (3),Brighton,Newcastle,0,0,D,13,4,7,1
E0 (3),Man City,Bournemouth,4,0,H,19,3,7,1
E0 (3),Southampton,Leeds,2,2,D,14,13,4,5
E0 (3),Wolves,Fulham,0,0,D,7,9,1,3
E0 (3),Brentford,Man United,4,0,H,13,15,7,4
E0 (3),Nottm Forest,West Ham,1,0,H,13,19,6,5
E0 (3),Chelsea,Tottenham,2,2,D,16,10,3,5
E0 (3),Liverpool,Crystal Palace,1,1,D,24,7,4,3
E0 (3),Tottenham,Wolves,1,0,H,11,20,4,3
E0 (3),Crystal Palace,Aston Villa,3,1,H,17,13,9,5
E0 (3),Everton,Nottm Forest,1,1,D,19,14,8,5
E0 (3),Fulham,Brentford,3,2,H,18,13,9,5
E0 (3),Leicester,Southampton,1,2,A,6,9,1,3
E0 (3),Bournemouth,Arsenal,0,3,A,6,14,1,6
E0 (3),Leeds,Chelsea,3,0,H,12,14,6,3
E0 (3),West Ham,Brighton,0,2,A,13,11,3,2
E0 (3),Newcastle,Man City,3,3,D,12,21,6,10
E0 (3),Man United,Liverpool,2,1,H,12,17,4,5
E0 (3),Southampton,Man United,0,1,A,17,11,5,6
E0 (3),Brentford,Everton,1,1,D,19,14,5,7
E0 (3),Brighton,Leeds,1,0,H,13,10,4,2
E0 (3),Chelsea,Leicester,2,1,H,7,17,3,5
E0 (3),Liverpool,Bournemouth,9,0,H,19,5,12,2
E0 (3),Man City,Crystal Palace,4,2,H,18,2,5,2
E0 (3),Arsenal,Fulham,2,1,H,22,11,8,3
E0 (3),Aston Villa,West Ham,0,1,A,9,7,3,2
E0 (3),Wolves,Newcastle,1,1,D,10,21,4,6
E0 (3),Nottm Forest,Tottenham,0,2,A,17,18,1,7
E0 (3),Crystal Palace,Brentford,1,1,D,13,9,4,3
E0 (3),Fulham,Brighton,2,1,H,10,7,3,4
E0 (3),Southampton,Chelsea,2,1,H,9,10,7,4
E0 (3),Leeds,Everton,1,1,D,14,7,5,2
E0 (3),Arsenal,Aston Villa,2,1,H,22,4,9,3
E0 (3),Bournemouth,Wolves,0,0,D,5,17,2,4
E0 (3),Man City,Nottm Forest,6,0,H,17,8,9,1
E0 (3),West Ham,Tottenham,1,1,D,14,13,4,4
E0 (3),Liverpool,Newcastle,2,1,H,23,5,6,2
E0 (3),Leicester,Man United,0,1,A,10,9,2,2
E0 (3),Everton,Liverpool,0,0,D,14,23,3,8
E0 (3),Brentford,Leeds,5,2,H,14,17,8,6
E0 (3),Chelsea,West Ham,2,1,H,8,6,3,3
E0 (3),Newcastle,Crystal Palace,0,0,D,23,19,6,9
E0 (3),Nottm Forest,Bournemouth,2,3,A,11,8,3,3
E0 (3),Tottenham,Fulham,2,1,H,23,9,10,3
E0 (3),Wolves,Southampton,1,0,H,7,12,2,1
E0 (3),Aston Villa,Man City,1,1,D,3,13,1,4
E0 (3),Brighton,Leicester,5,2,H,23,6,11,4
E0 (3),Man United,Arsenal,3,1,H,10,16,6,3
E0 (3),Aston Villa,Southampton,1,0,H,11,7,3,1
E0 (3),Nottm Forest,Fulham,2,3,A,11,15,3,7
E0 (3),Wolves,Man City,0,3,A,6,16,1,7
E0 (3),Newcastle,Bournemouth,1,1,D,20,10,7,3
E0 (3),Tottenham,Leicester,6,2,H,16,19,11,7
E0 (3),Brentford,Arsenal,0,3,A,5,13,2,7
E0 (3),Everton,West Ham,1,0,H,7,14,2,4
E0 (3),Arsenal,Tottenham,3,1,H,22,7,9,3
E0 (3),Bournemouth,Brentford,0,0,D,7,13,1,4
E0 (3),Crystal Palace,Chelsea,1,2,A,7,13,3,3
E0 (3),Fulham,Newcastle,1,4,A,3,19,1,10
E0 (3),Liverpool,Brighton,3,3,D,15,6,7,6
E0 (3),Southampton,Everton,1,2,A,22,12,6,5
E0 (3),West Ham,Wolves,2,0,H,18,15,5,4
E0 (3),Man City,Man United,6,3,H,22,12,10,8
E0 (3),Leeds,Aston Villa,0,0,D,9,19,1,7
E0 (3),Leicester,Nottm Forest,4,0,H,17,10,7,3
E0 (3),Bournemouth,Leicester,2,1,H,10,9,4,5
E0 (3),Chelsea,Wolves,3,0,H,20,8,7,2
E0 (3),Man City,Southampton,4,0,H,21,5,8,0
E0 (3),Newcastle,Brentford,5,1,H,16,6,6,3
E0 (3),Brighton,Tottenham,0,1,A,14,8,4,3
E0 (3),Crystal Palace,Leeds,2,1,H,13,10,5,4
E0 (3),West Ham,Fulham,3,1,H,17,8,8,2
E0 (3),Arsenal,Liverpool,3,2,H,11,8,7,3
E0 (3),Everton,Man United,1,2,A,11,12,2,4
E0 (3),Nottm Forest,Aston Villa,1,1,D,6,12,3,2
E0 (3),Brentford,Brighton,2,0,H,7,21,3,7
E0 (3),Leicester,Crystal Palace,0,0,D,14,8,5,1
E0 (3),Fulham,Bournemouth,2,2,D,19,10,4,6
E0 (3),Wolves,Nottm Forest,1,0,H,9,10,2,2
E0 (3),Tottenham,Everton,2,0,H,21,4,7,0
E0 (3),Aston Villa,Chelsea,0,2,A,18,8,7,4
E0 (3),Leeds,Arsenal,0,1,A,16,9,4,4
E0 (3),Man United,Newcastle,0,0,D,15,9,2,2
E0 (3),Southampton,West Ham,1,1,D,10,25,8,4
E0 (3),Liverpool,Man City,1,0,H,13,16,2,6
E0 (3),Brighton,Nottm Forest,0,0,D,19,3,7,0
E0 (3),Crystal Palace,Wolves,2,1,H,14,10,4,4
E0 (3),Bournemouth,Southampton,0,1,A,15,9,3,3
E0 (3),Brentford,Chelsea,0,0,D,8,14,5,5
E0 (3),Liverpool,West Ham,1,0,H,22,8,7,3
E0 (3),Newcastle,Everton,1,0,H,16,1,4,0
E0 (3),Man United,Tottenham,2,0,H,28,9,10,2
E0 (3),Fulham,Aston Villa,3,0,H,18,12,8,6
E0 (3),Leicester,Leeds,2,0,H,5,14,1,2
E0 (3),Nottm Forest,Liverpool,1,0,H,10,15,7,7
E0 (3),Everton,Crystal Palace,3,0,H,9,9,6,2
E0 (3),Man City,Brighton,3,1,H,10,8,4,2
E0 (3),Chelsea,Man United,1,1,D,6,13,2,6
E0 (3),Aston Villa,Brentford,4,0,H,19,12,11,3
E0 (3),Leeds,Fulham,2,3,A,14,11,5,5
E0 (3),Southampton,Arsenal,1,1,D,10,12,3,3
E0 (3),Wolves,Leicester,0,4,A,21,5,5,4
E0 (3),Tottenham,Newcastle,1,2,A,17,13,5,5
E0 (3),West Ham,Bournemouth,2,0,H,20,5,4,3
E0 (3),Leicester,Man City,0,1,A,10,15,5,5
E0 (3),Bournemouth,Tottenham,2,3,A,6,23,4,7
E0 (3),Brentford,Wolves,1,1,D,12,14,3,4
E0 (3),Brighton,Chelsea,4,1,H,19,15,9,7
E0 (3),Crystal Palace,Southampton,1,0,H,12,14,3,4
E0 (3),Newcastle,Aston Villa,4,0,H,20,3,7,0
E0 (3),Fulham,Everton,0,0,D,24,9,6,4
E0 (3),Liverpool,Leeds,1,2,A,22,14,10,6
E0 (3),Arsenal,Nottm Forest,5,0,H,24,5,10,2
E0 (3),Man United,West Ham,1,0,H,16,13,3,5
E0 (3),Leeds,Bournemouth,4,3,H,18,9,4,6
E0 (3),Man City,Fulham,2,1,H,16,4,5,2
E0 (3),Nottm Forest,Brentford,2,2,D,15,6,7,2
E0 (3),Wolves,Brighton,2,3,A,8,19,5,8
E0 (3),Everton,Leicester,0,2,A,12,22,2,8
E0 (3),Chelsea,Arsenal,0,1,A,5,14,1,2
E0 (3),Aston Villa,Man United,3,1,H,6,8,4,3
E0 (3),Southampton,Newcastle,1,4,A,16,7,5,4
E0 (3),West Ham,Crystal Palace,1,2,A,5,15,2,6
E0 (3),Tottenham,Liverpool,1,2,A,14,13,5,6
E0 (3),Man City,Brentford,1,2,A,29,10,6,8
E0 (3),Bournemouth,Everton,3,0,H,16,15,9,3
E0 (3),Liverpool,Southampton,3,1,H,15,9,7,5
E0 (3),Nottm Forest,Crystal Palace,1,0,H,9,8,2,0
E0 (3),Tottenham,Leeds,4,3,H,14,12,8,5
E0 (3),West Ham,Leicester,0,2,A,18,9,6,6
E0 (3),Newcastle,Chelsea,1,0,H,10,5,3,2
E0 (3),Wolves,Arsenal,0,2,A,11,14,2,4
E0 (3),Brighton,Aston Villa,1,2,A,7,8,2,2
E0 (3),Fulham,Man United,1,2,A,14,14,7,9
E0 (3),Brentford,Tottenham,2,2,D,9,16,5,8
E0 (3),Crystal Palace,Fulham,0,3,A,4,23,0,11
E0 (3),Everton,Wolves,1,2,A,12,7,6,4
E0 (3),Leicester,Newcastle,0,3,A,8,12,2,5
E0 (3),Southampton,Brighton,1,3,A,14,7,4,4
E0 (3),Aston Villa,Liverpool,1,3,A,12,16,6,9
E0 (3),Arsenal,West Ham,3,1,H,16,8,5,4
E0 (3),Chelsea,Bournemouth,2,0,H,15,9,5,4
E0 (3),Man United,Nottm Forest,3,0,H,17,8,8,3
E0 (3),Leeds,Man City,1,3,A,9,26,1,9
E0 (3),West Ham,Brentford,0,2,A,20,9,5,6
E0 (3),Liverpool,Leicester,2,1,H,21,7,5,2
E0 (3),Wolves,Man United,0,1,A,10,16,3,6
E0 (3),Bournemouth,Crystal Palace,0,2,A,6,15,2,6
E0 (3),Fulham,Southampton,2,1,H,8,9,2,3
E0 (3),Man City,Everton,1,1,D,16,2,3,1
E0 (3),Newcastle,Leeds,0,0,D,16,8,5,1
E0 (3),Brighton,Arsenal,2,4,A,9,14,5,7
E0 (3),Tottenham,Aston Villa,0,2,A,6,13,2,4
E0 (3),Nottm Forest,Chelsea,1,1,D,12,7,5,2
E0 (3),Brentford,Liverpool,3,1,H,10,16,7,6
E0 (3),Arsenal,Newcastle,0,0,D,17,8,4,1
E0 (3),Everton,Brighton,1,4,A,10,19,4,8
E0 (3),Leicester,Fulham,0,1,A,15,11,6,2
E0 (3),Man United,Bournemouth,3,0,H,18,7,6,4
E0 (3),Southampton,Nottm Forest,0,1,A,8,11,0,1
E0 (3),Leeds,West Ham,2,2,D,14,15,6,2
E0 (3),Aston Villa,Wolves,1,1,D,13,10,4,3
E0 (3),Crystal Palace,Tottenham,0,4,A,19,14,4,6
E0 (3),Chelsea,Man City,0,1,A,8,12,2,3
E0 (3),Fulham,Chelsea,2,1,H,8,20,3,10
E0 (3),Aston Villa,Leeds,2,1,H,11,16,5,4
E0 (3),Man United,Man City,2,1,H,8,5,4,1
E0 (3),Brighton,Liverpool,3,0,H,16,6,9,2
E0 (3),Everton,Southampton,1,2,A,12,13,4,5
E0 (3),Nottm Forest,Leicester,2,0,H,15,6,5,1
E0 (3),Wolves,West Ham,1,0,H,17,16,4,4
E0 (3),Brentford,Bournemouth,2,0,H,12,7,4,2
E0 (3),Chelsea,Crystal Palace,1,0,H,15,10,5,5
E0 (3),Newcastle,Fulham,1,0,H,20,5,5,0
E0 (3),Tottenham,Arsenal,0,2,A,17,14,7,5
E0 (3),Crystal Palace,Man United,1,1,D,10,15,5,4
E0 (3),Man City,Tottenham,4,2,H,16,9,6,3
E0 (3),Liverpool,Chelsea,0,0,D,15,11,3,2
E0 (3),Bournemouth,Nottm Forest,1,1,D,16,20,4,5
E0 (3),Leicester,Brighton,2,2,D,9,13,2,4
E0 (3),Southampton,Aston Villa,0,1,A,8,16,5,5
E0 (3),West Ham,Everton,2,0,H,11,5,4,2
E0 (3),Crystal Palace,Newcastle,0,0,D,6,16,1,7
E0 (3),Leeds,Brentford,0,0,D,9,6,5,0
E0 (3),Man City,Wolves,3,0,H,13,10,7,1
E0 (3),Arsenal,Man United,3,2,H,25,6,5,4
E0 (3),Fulham,Tottenham,0,1,A,10,10,5,3
E0 (3),Chelsea,Fulham,0,0,D,12,10,3,4
E0 (3),Everton,Arsenal,1,0,H,12,15,4,3
E0 (3),Aston Villa,Leicester,2,4,A,19,9,4,5
E0 (3),Brentford,Southampton,3,0,H,14,14,4,6
E0 (3),Brighton,Bournemouth,1,0,H,20,12,6,2
E0 (3),Man United,Crystal Palace,2,1,H,14,10,5,3
E0 (3),Wolves,Liverpool,3,0,H,12,22,6,4
E0 (3),Newcastle,West Ham,1,1,D,8,10,2,1
E0 (3),Nottm Forest,Leeds,1,0,H,6,10,2,4
E0 (3),Tottenham,Man City,1,0,H,12,15,3,5
E0 (3),Man United,Leeds,2,2,D,24,8,7,2
E0 (3),West Ham,Chelsea,1,1,D,10,12,2,4
E0 (3),Arsenal,Brentford,1,1,D,23,9,7,2
E0 (3),Crystal Palace,Brighton,1,1,D,6,17,1,7
E0 (3),Fulham,Nottm Forest,2,0,H,16,10,3,1
E0 (3),Leicester,Tottenham,4,1,H,15,11,7,4
E0 (3),Southampton,Wolves,1,2,A,17,11,2,2
E0 (3),Bournemouth,Newcastle,1,1,D,11,15,5,7
E0 (3),Leeds,Man United,0,2,A,16,11,6,5
E0 (3),Man City,Aston Villa,3,1,H,17,6,9,2
E0 (3),Liverpool,Everton,2,0,H,15,6,6,1
E0 (3),Arsenal,Man City,1,3,A,10,9,1,6
E0 (3),Aston Villa,Arsenal,2,4,A,7,20,5,5
E0 (3),Brentford,Crystal Palace,1,1,D,12,10,5,4
E0 (3),Brighton,Fulham,0,1,A,21,5,7,2
E0 (3),Chelsea,Southampton,0,1,A,17,8,5,5
E0 (3),Everton,Leeds,1,0,H,15,8,6,0
E0 (3),Nottm Forest,Man City,1,1,D,4,26,1,6
E0 (3),Wolves,Bournemouth,0,1,A,15,5,4,1
E0 (3),Newcastle,Liverpool,0,2,A,14,13,4,7
E0 (3),Man United,Leicester,3,0,H,26,19,8,3
E0 (3),Tottenham,West Ham,2,0,H,16,6,6,1
E0 (3),Fulham,Wolves,1,1,D,10,8,5,2
E0 (3),Everton,Aston Villa,0,2,A,15,9,5,5
E0 (3),Leeds,Southampton,1,0,H,14,8,4,2
E0 (3),Leicester,Arsenal,0,1,A,1,10,0,2
E0 (3),West Ham,Nottm Forest,4,0,H,18,8,5,3
E0 (3),Bournemouth,Man City,1,4,A,13,20,2,5
E0 (3),Crystal Palace,Liverpool,0,0,D,6,12,0,4
E0 (3),Tottenham,Chelsea,2,0,H,8,10,3,2
E0 (3),Arsenal,Everton,4,0,H,15,8,5,5
E0 (3),Liverpool,Wolves,2,0,H,15,4,6,1
E0 (3),Man City,Newcastle,2,0,H,11,5,3,2
E0 (3),Arsenal,Bournemouth,3,2,H,31,4,9,4
E0 (3),Aston Villa,Crystal Palace,1,0,H,8,3,1,0
E0 (3),Brighton,West Ham,4,0,H,20,3,9,2
E0 (3),Chelsea,Leeds,1,0,H,13,11,3,2
E0 (3),Wolves,Tottenham,1,0,H,8,21,5,6
E0 (3),Southampton,Leicester,1,0,H,11,11,5,0
E0 (3),Nottm Forest,Everton,2,2,D,10,10,4,3
E0 (3),Liverpool,Man United,7,0,H,18,8,8,4
E0 (3),Brentford,Fulham,3,2,H,14,9,6,5
E0 (3),Bournemouth,Liverpool,1,0,H,5,15,2,6
E0 (3),Everton,Brentford,1,0,H,13,12,6,4
E0 (3),Leeds,Brighton,2,2,D,12,14,4,2
E0 (3),Leicester,Chelsea,1,3,A,17,12,7,6
E0 (3),Tottenham,Nottm Forest,3,1,H,15,9,7,5
E0 (3),Crystal Palace,Man City,0,1,A,4,14,0,4
E0 (3),Fulham,Arsenal,0,3,A,12,15,2,7
E0 (3),Man United,Southampton,0,0,D,10,17,4,4
E0 (3),West Ham,Aston Villa,1,1,D,17,12,6,4
E0 (3),Newcastle,Wolves,2,1,H,19,7,8,4
E0 (3),Brighton,Crystal Palace,1,0,H,11,11,5,3
E0 (3),Southampton,Brentford,0,2,A,7,11,1,5
E0 (3),Nottm Forest,Newcastle,1,2,A,5,15,3,4
E0 (3),Aston Villa,Bournemouth,3,0,H,20,10,9,3
E0 (3),Brentford,Leicester,1,1,D,11,14,2,1
E0 (3),Southampton,Tottenham,3,3,D,19,17,7,3
E0 (3),Wolves,Leeds,2,4,A,23,11,8,4
E0 (3),Chelsea,Everton,2,2,D,20,12,7,3
E0 (3),Arsenal,Crystal Palace,4,1,H,15,8,5,4
E0 (3),Man City,Liverpool,4,1,H,17,4,8,1
E0 (3),Arsenal,Leeds,4,1,H,13,7,6,5
E0 (3),Bournemouth,Fulham,2,1,H,12,10,7,2
E0 (3),Brighton,Brentford,3,3,D,33,7,15,5
E0 (3),Crystal Palace,Leicester,2,1,H,31,3,9,2
E0 (3),Nottm Forest,Wolves,1,1,D,17,8,7,1
E0 (3),Chelsea,Aston Villa,0,2,A,27,5,8,2
E0 (3),West Ham,Southampton,1,0,H,12,9,2,3
E0 (3),Newcastle,Man United,2,0,H,22,6,6,1
E0 (3),Everton,Tottenham,1,1,D,15,8,6,2
E0 (3),Bournemouth,Brighton,0,2,A,14,16,3,6
E0 (3),Leeds,Nottm Forest,2,1,H,21,13,6,1
E0 (3),Leicester,Aston Villa,1,2,A,9,15,4,5
E0 (3),Chelsea,Liverpool,0,0,D,12,7,3,4
E0 (3),Man United,Brentford,1,0,H,18,6,3,1
E0 (3),West Ham,Newcastle,1,5,A,7,15,2,8
E0 (3),Man United,Everton,2,0,H,29,15,11,1
E0 (3),Aston Villa,Nottm Forest,2,0,H,8,6,3,2
E0 (3),Brentford,Newcastle,1,2,A,12,10,6,4
E0 (3),Fulham,West Ham,0,1,A,16,9,3,5
E0 (3),Leicester,Bournemouth,0,1,A,14,19,4,7
E0 (3),Tottenham,Brighton,2,1,H,9,17,3,4
E0 (3),Wolves,Chelsea,1,0,H,9,13,4,1
E0 (3),Southampton,Man City,1,4,A,4,13,1,8
E0 (3),Leeds,Crystal Palace,1,5,A,11,16,7,8
E0 (3),Liverpool,Arsenal,2,2,D,21,9,6,5
E0 (3),Aston Villa,Newcastle,3,0,H,16,8,6,2
E0 (3),Chelsea,Brighton,1,2,A,8,26,2,10
E0 (3),Everton,Fulham,1,3,A,15,21,7,7
E0 (3),Southampton,Crystal Palace,0,2,A,11,9,4,2
E0 (3),Tottenham,Bournemouth,2,3,A,24,6,8,6
E0 (3),Wolves,Brentford,2,0,H,11,10,9,3
E0 (3),Man City,Leicester,3,1,H,12,10,4,4
E0 (3),West Ham,Arsenal,2,2,D,16,11,3,5
E0 (3),Nottm Forest,Man United,0,2,A,6,22,0,8
E0 (3),Leeds,Liverpool,1,6,A,13,13,3,7
E0 (3),Arsenal,Southampton,3,3,D,25,8,6,6
E0 (3),Fulham,Leeds,2,1,H,12,10,5,2
E0 (3),Brentford,Aston Villa,1,1,D,6,14,5,2
E0 (3),Crystal Palace,Everton,0,0,D,12,10,2,5
E0 (3),Leicester,Wolves,2,1,H,15,16,8,3
E0 (3),Liverpool,Nottm Forest,3,2,H,18,11,6,5
E0 (3),Bournemouth,West Ham,0,4,A,17,18,5,10
E0 (3),Newcastle,Tottenham,6,1,H,25,11,8,3
E0 (3),Wolves,Crystal Palace,2,0,H,9,14,3,4
E0 (3),Aston Villa,Fulham,1,0,H,14,1,3,0
E0 (3),Leeds,Leicester,1,1,D,13,15,3,3
E0 (3),Nottm Forest,Brighton,3,1,H,12,17,5,7
E0 (3),Chelsea,Brentford,0,2,A,15,7,4,1
E0 (3),West Ham,Liverpool,1,2,A,7,20,2,4
E0 (3),Man City,Arsenal,4,1,H,14,8,9,2
E0 (3),Everton,Newcastle,1,4,A,13,15,5,8
E0 (3),Southampton,Bournemouth,0,1,A,11,16,2,2
E0 (3),Tottenham,Man United,2,2,D,18,17,7,8
E0 (3),Crystal Palace,West Ham,4,3,H,16,8,6,4
E0 (3),Brentford,Nottm Forest,2,1,H,14,5,8,3
E0 (3),Brighton,Wolves,6,0,H,22,10,8,2
E0 (3),Bournemouth,Leeds,4,1,H,12,15,7,6
E0 (3),Fulham,Man City,1,2,A,4,12,1,9
E0 (3),Man United,Aston Villa,1,0,H,14,7,6,1
E0 (3),Newcastle,Southampton,3,1,H,22,4,5,3
E0 (3),Liverpool,Tottenham,4,3,H,12,10,4,7
E0 (3),Leicester,Everton,2,2,D,15,23,6,8
E0 (3),Arsenal,Chelsea,3,1,H,16,7,10,4
E0 (3),Liverpool,Fulham,1,0,H,15,9,3,3
E0 (3),Man City,West Ham,3,0,H,16,6,7,2
E0 (3),Brighton,Man United,1,0,H,22,16,6,5
E0 (3),Bournemouth,Chelsea,1,3,A,10,11,4,5
E0 (3),Man City,Leeds,2,1,H,18,4,6,2
E0 (3),Tottenham,Crystal Palace,1,0,H,8,7,3,2
E0 (3),Wolves,Aston Villa,1,0,H,6,16,2,3
E0 (3),Liverpool,Brentford,1,0,H,15,5,5,1
E0 (3),Newcastle,Arsenal,0,2,A,12,10,5,6
E0 (3),West Ham,Man United,1,0,H,15,19,4,4
E0 (3),Fulham,Leicester,5,3,H,17,18,7,9
E0 (3),Brighton,Everton,1,5,A,23,10,5,5
E0 (3),Nottm Forest,Southampton,4,3,H,9,19,4,5
E0 (3),Leeds,Newcastle,2,2,D,9,18,4,5
E0 (3),Aston Villa,Tottenham,2,1,H,8,5,4,2
E0 (3),Chelsea,Nottm Forest,2,2,D,14,11,6,2
E0 (3),Crystal Palace,Bournemouth,2,0,H,17,5,5,0
E0 (3),Man United,Wolves,2,0,H,27,5,9,0
E0 (3),Southampton,Fulham,0,2,A,5,9,1,4
E0 (3),Brentford,West Ham,2,0,H,24,4,10,4
E0 (3),Everton,Man City,0,3,A,7,9,3,4
E0 (3),Arsenal,Brighton,0,3,A,14,12,2,6
E0 (3),Leicester,Liverpool,0,3,A,4,16,4,5
E0 (3),Newcastle,Brighton,4,1,H,22,8,9,2
E0 (3),Tottenham,Brentford,1,3,A,22,11,8,4
E0 (3),Bournemouth,Man United,0,1,A,10,20,4,5
E0 (3),Fulham,Crystal Palace,2,2,D,11,11,4,5
E0 (3),Liverpool,Aston Villa,1,1,D,10,6,5,3
E0 (3),Wolves,Everton,1,1,D,13,19,5,4
E0 (3),Nottm Forest,Arsenal,1,0,H,6,11,2,3
E0 (3),West Ham,Leeds,3,1,H,19,12,9,3
E0 (3),Brighton,Southampton,3,1,H,26,5,8,1
E0 (3),Man City,Chelsea,1,0,H,15,13,2,6
E0 (3),Newcastle,Leicester,0,0,D,23,1,4,1
E0 (3),Brighton,Man City,1,1,D,20,13,7,4
E0 (3),Man United,Chelsea,4,1,H,18,14,9,5
E0 (3),Arsenal,Wolves,5,0,H,14,6,8,0
E0 (3),Aston Villa,Brighton,2,1,H,12,8,5,4
E0 (3),Brentford,Man City,1,0,H,11,17,4,3
E0 (3),Chelsea,Newcastle,1,1,D,22,13,5,4
E0 (3),Crystal Palace,Nottm Forest,1,1,D,16,7,4,4
E0 (3),Everton,Bournemouth,1,0,H,13,7,6,2
E0 (3),Leeds,Tottenham,1,4,A,19,11,2,7
E0 (3),Leicester,West Ham,2,1,H,13,16,4,3
E0 (3),Man United,Fulham,2,1,H,21,10,8,3
E0 (3),Southampton,Liverpool,4,4,D,15,30,10,8
E0 (4),Brentford,Arsenal,2,0,H,8,22,3,4
E0 (4),Man United,Leeds,5,1,H,16,10,8,3
E0 (4),Burnley,Brighton,1,2,A,14,14,3,8
E0 (4),Chelsea,Crystal Palace,3,0,H,13,4,6,1
E0 (4),Everton,Southampton,3,1,H,14,6,6,3
E0 (4),Leicester,Wolves,1,0,H,9,17,5,3
E0 (4),Watford,Aston Villa,3,2,H,13,11,7,2
E0 (4),Norwich,Liverpool,0,3,A,14,19,3,8
E0 (4),Newcastle,West Ham,2,4,A,17,8,3,9
E0 (4),Tottenham,Man City,1,0,H,13,18,3,4
E0 (4),Liverpool,Burnley,2,0,H,27,9,9,3
E0 (4),Aston Villa,Newcastle,2,0,H,10,9,2,1
E0 (4),Crystal Palace,Brentford,0,0,D,7,14,2,3
E0 (4),Leeds,Everton,2,2,D,17,17,4,8
E0 (4),Man City,Norwich,5,0,H,16,1,4,0
E0 (4),Brighton,Watford,2,0,H,13,10,3,1
E0 (4),Southampton,Man United,1,1,D,8,15,3,4
E0 (4),Wolves,Tottenham,0,1,A,25,8,6,6
E0 (4),Arsenal,Chelsea,0,2,A,6,22,3,5
E0 (4),West Ham,Leicester,4,1,H,13,5,7,1
E0 (4),Man City,Arsenal,5,0,H,25,1,10,0
E0 (4),Aston Villa,Brentford,1,1,D,7,9,5,2
E0 (4),Brighton,Everton,0,2,A,14,14,3,5
E0 (4),Newcastle,Southampton,2,2,D,10,22,5,6
E0 (4),Norwich,Leicester,1,2,A,14,9,4,3
E0 (4),West Ham,Crystal Palace,2,2,D,14,9,4,2
E0 (4),Liverpool,Chelsea,1,1,D,24,6,7,3
E0 (4),Burnley,Leeds,1,1,D,12,12,3,2
E0 (4),Tottenham,Watford,1,0,H,15,9,8,2
E0 (4),Wolves,Man United,0,1,A,15,10,6,3
E0 (4),Crystal Palace,Tottenham,3,0,H,18,2,4,1
E0 (4),Arsenal,Norwich,1,0,H,30,10,7,1
E0 (4),Brentford,Brighton,0,1,A,7,4,1,2
E0 (4),Leicester,Man City,0,1,A,6,25,1,8
E0 (4),Man United,Newcastle,4,1,H,21,12,7,3
E0 (4),Southampton,West Ham,0,0,D,11,13,3,3
E0 (4),Watford,Wolves,0,2,A,6,14,2,5
E0 (4),Chelsea,Aston Villa,3,0,H,12,18,4,6
E0 (4),Leeds,Liverpool,0,3,A,9,30,4,9
E0 (4),Everton,Burnley,3,1,H,14,11,6,6
E0 (4),Newcastle,Leeds,1,1,D,17,22,7,9
E0 (4),Wolves,Brentford,0,2,A,11,9,0,3
E0 (4),Burnley,Arsenal,0,1,A,18,13,3,3
E0 (4),Liverpool,Crystal Palace,3,0,H,25,13,10,2
E0 (4),Man City,Southampton,0,0,D,18,10,1,2
E0 (4),Norwich,Watford,1,3,A,12,12,5,8
E0 (4),Aston Villa,Everton,3,0,H,15,11,3,1
E0 (4),Brighton,Leicester,2,1,H,12,14,5,3
E0 (4),West Ham,Man United,1,2,A,13,17,4,10
E0 (4),Tottenham,Chelsea,0,3,A,8,20,2,10
E0 (4),Chelsea,Man City,0,1,A,5,15,0,4
E0 (4),Man United,Aston Villa,0,1,A,28,7,4,3
E0 (4),Everton,Norwich,2,0,H,11,10,4,2
E0 (4),Leeds,West Ham,1,2,A,15,20,5,7
E0 (4),Leicester,Burnley,2,2,D,22,9,5,3
E0 (4),Watford,Newcastle,1,1,D,15,20,4,6
E0 (4),Brentford,Liverpool,3,3,D,12,16,4,6
E0 (4),Southampton,Wolves,0,1,A,18,5,6,3
E0 (4),Arsenal,Tottenham,3,1,H,12,10,7,4
E0 (4),Crystal Palace,Brighton,1,1,D,8,8,3,4
E0 (4),Man United,Everton,1,1,D,13,12,6,2
E0 (4),Burnley,Norwich,0,0,D,14,10,4,2
E0 (4),Chelsea,Southampton,3,1,H,20,6,9,2
E0 (4),Leeds,Watford,1,0,H,20,5,4,1
E0 (4),Wolves,Newcastle,2,1,H,7,8,3,2
E0 (4),Brighton,Arsenal,0,0,D,21,8,2,2
E0 (4),Crystal Palace,Leicester,2,2,D,18,9,4,5
E0 (4),Tottenham,Aston Villa,2,1,H,17,14,8,3
E0 (4),West Ham,Brentford,1,2,A,18,13,5,6
E0 (4),Liverpool,Man City,2,2,D,6,12,4,3
E0 (4),Watford,Liverpool,0,5,A,6,19,2,8
E0 (4),Aston Villa,Wolves,2,3,A,14,9,5,4
E0 (4),Leicester,Man United,4,2,H,22,18,11,6
E0 (4),Man City,Burnley,2,0,H,15,7,6,2
E0 (4),Norwich,Brighton,0,0,D,15,11,3,3
E0 (4),Southampton,Leeds,1,0,H,19,3,5,0
E0 (4),Brentford,Chelsea,0,1,A,17,5,7,1
E0 (4),Everton,West Ham,0,1,A,15,16,2,4
E0 (4),Newcastle,Tottenham,2,3,A,7,14,1,4
E0 (4),Arsenal,Crystal Palace,2,2,D,17,9,6,6
E0 (4),Arsenal,Aston Villa,3,1,H,22,10,9,4
E0 (4),Chelsea,Norwich,7,0,H,23,3,13,1
E0 (4),Crystal Palace,Newcastle,1,1,D,15,6,3,2
E0 (4),Everton,Watford,2,5,A,15,20,4,8
E0 (4),Leeds,Wolves,1,1,D,18,8,4,4
E0 (4),Southampton,Burnley,2,2,D,16,9,4,5
E0 (4),Brighton,Man City,1,4,A,10,23,5,14
E0 (4),Brentford,Leicester,1,2,A,15,10,5,6
E0 (4),West Ham,Tottenham,1,0,H,13,7,4,4
E0 (4),Man United,Liverpool,0,5,A,12,19,4,8
E0 (4),Leicester,Arsenal,0,2,A,16,9,8,5
E0 (4),Burnley,Brentford,3,1,H,15,12,6,5
E0 (4),Liverpool,Brighton,2,2,D,14,9,3,6
E0 (4),Man City,Crystal Palace,0,2,A,14,8,3,3
E0 (4),Newcastle,Chelsea,0,3,A,6,19,1,6
E0 (4),Watford,Southampton,0,1,A,10,12,4,1
E0 (4),Tottenham,Man United,0,3,A,9,10,0,4
E0 (4),Norwich,Leeds,1,2,A,14,13,3,6
E0 (4),Aston Villa,West Ham,1,4,A,9,21,3,9
E0 (4),Wolves,Everton,2,1,H,10,14,4,5
E0 (4),Southampton,Aston Villa,1,0,H,9,14,3,3
E0 (4),Man United,Man City,0,2,A,5,16,1,5
E0 (4),Brentford,Norwich,1,2,A,19,9,7,5
E0 (4),Chelsea,Burnley,1,1,D,25,5,4,2
E0 (4),Crystal Palace,Wolves,2,0,H,13,4,6,2
E0 (4),Brighton,Newcastle,1,1,D,14,6,5,1
E0 (4),Arsenal,Watford,1,0,H,14,7,6,1
E0 (4),Everton,Tottenham,0,0,D,12,8,2,0
E0 (4),Leeds,Leicester,1,1,D,18,9,5,3
E0 (4),West Ham,Liverpool,3,2,H,7,16,3,5
E0 (4),Leicester,Chelsea,0,3,A,4,16,3,7
E0 (4),Aston Villa,Brighton,2,0,H,9,6,5,2
E0 (4),Burnley,Crystal Palace,3,3,D,15,18,9,8
E0 (4),Newcastle,Brentford,3,3,D,23,10,9,4
E0 (4),Norwich,Southampton,2,1,H,8,17,4,5
E0 (4),Watford,Man United,4,1,H,20,9,7,3
E0 (4),Wolves,West Ham,1,0,H,15,8,5,3
E0 (4),Liverpool,Arsenal,4,0,H,19,5,9,3
E0 (4),Man City,Everton,3,0,H,17,4,7,1
E0 (4),Tottenham,Leeds,2,1,H,13,18,4,7
E0 (4),Arsenal,Newcastle,2,0,H,24,9,6,5
E0 (4),Crystal Palace,Aston Villa,1,2,A,8,10,3,3
E0 (4),Liverpool,Southampton,4,0,H,20,7,6,3
E0 (4),Norwich,Wolves,0,0,D,14,5,4,2
E0 (4),Brighton,Leeds,0,0,D,20,11,4,4
E0 (4),Brentford,Everton,1,0,H,6,14,4,5
E0 (4),Leicester,Watford,4,2,H,18,16,8,5
E0 (4),Man City,West Ham,2,1,H,19,5,9,3
E0 (4),Chelsea,Man United,1,1,D,24,3,6,2
E0 (4),Newcastle,Norwich,1,1,D,9,16,1,6
E0 (4),Leeds,Crystal Palace,1,0,H,15,9,3,1
E0 (4),Southampton,Leicester,2,2,D,15,15,7,6
E0 (4),Watford,Chelsea,1,2,A,13,8,6,4
E0 (4),West Ham,Brighton,1,1,D,14,9,6,3
E0 (4),Wolves,Burnley,0,0,D,16,6,2,1
E0 (4),Aston Villa,Man City,1,2,A,9,17,3,7
E0 (4),Everton,Liverpool,1,4,A,8,16,2,7
E0 (4),Tottenham,Brentford,2,0,H,11,6,6,2
E0 (4),Man United,Arsenal,3,2,H,14,17,10,8
E0 (4),West Ham,Chelsea,3,2,H,11,19,5,7
E0 (4),Newcastle,Burnley,1,0,H,19,10,4,1
E0 (4),Southampton,Brighton,1,1,D,14,14,4,4
E0 (4),Wolves,Liverpool,0,1,A,3,17,1,5
E0 (4),Watford,Man City,1,3,A,11,26,4,13
E0 (4),Leeds,Brentford,2,2,D,13,9,6,3
E0 (4),Man United,Crystal Palace,1,0,H,16,8,3,2
E0 (4),Tottenham,Norwich,3,0,H,17,10,7,1
E0 (4),Aston Villa,Leicester,2,1,H,13,12,4,5
E0 (4),Everton,Arsenal,2,1,H,11,10,5,3
E0 (4),Brentford,Watford,2,1,H,14,6,5,2
E0 (4),Man City,Wolves,1,0,H,24,2,10,1
E0 (4),Arsenal,Southampton,3,0,H,15,11,5,6
E0 (4),Chelsea,Leeds,3,2,H,16,12,6,5
E0 (4),Liverpool,Aston Villa,1,0,H,20,4,5,0
E0 (4),Norwich,Man United,0,1,A,11,13,5,5
E0 (4),Burnley,West Ham,0,0,D,9,16,1,3
E0 (4),Leicester,Newcastle,4,0,H,8,12,5,3
E0 (4),Crystal Palace,Everton,3,1,H,17,12,6,6
E0 (4),Norwich,Aston Villa,0,2,A,7,17,3,6
E0 (4),Man City,Leeds,7,0,H,31,6,15,3
E0 (4),Brighton,Wolves,0,1,A,12,8,2,5
E0 (4),Crystal Palace,Southampton,2,2,D,9,15,6,4
E0 (4),Arsenal,West Ham,2,0,H,21,7,8,1
E0 (4),Chelsea,Everton,1,1,D,23,5,10,3
E0 (4),Liverpool,Newcastle,3,1,H,23,4,8,2
E0 (4),Leeds,Arsenal,1,4,A,9,21,2,12
E0 (4),Newcastle,Man City,0,4,A,5,18,1,7
E0 (4),Wolves,Chelsea,0,0,D,4,8,1,1
E0 (4),Tottenham,Liverpool,2,2,D,10,18,5,6
E0 (4),Man City,Leicester,6,3,H,17,14,9,8
E0 (4),Norwich,Arsenal,0,5,A,4,16,2,6
E0 (4),Tottenham,Crystal Palace,3,0,H,17,4,6,0
E0 (4),West Ham,Southampton,2,3,A,11,11,5,6
E0 (4),Aston Villa,Chelsea,1,3,A,8,10,1,4
E0 (4),Brighton,Brentford,2,0,H,15,16,5,6
E0 (4),Newcastle,Man United,1,1,D,13,13,8,4
E0 (4),Crystal Palace,Norwich,3,0,H,19,12,6,3
E0 (4),Southampton,Tottenham,1,1,D,9,21,2,11
E0 (4),Watford,West Ham,1,4,A,14,13,5,6
E0 (4),Leicester,Liverpool,1,0,H,6,21,1,4
E0 (4),Chelsea,Brighton,1,1,D,11,18,5,6
E0 (4),Brentford,Man City,0,1,A,6,12,2,3
E0 (4),Man United,Burnley,3,1,H,18,10,6,3
E0 (4),Arsenal,Man City,1,2,A,7,15,2,2
E0 (4),Watford,Tottenham,0,1,A,6,21,4,9
E0 (4),Crystal Palace,West Ham,2,3,A,22,10,6,5
E0 (4),Brentford,Aston Villa,2,1,H,10,16,4,5
E0 (4),Everton,Brighton,2,3,A,17,12,6,5
E0 (4),Leeds,Burnley,3,1,H,22,8,7,2
E0 (4),Chelsea,Liverpool,2,2,D,15,10,6,6
E0 (4),Man United,Wolves,0,1,A,9,19,2,6
E0 (4),Southampton,Brentford,4,1,H,12,5,6,4
E0 (4),West Ham,Norwich,2,0,H,13,7,5,3
E0 (4),Brighton,Crystal Palace,1,1,D,19,3,4,1
E0 (4),Man City,Chelsea,1,0,H,11,4,6,1
E0 (4),Newcastle,Watford,1,1,D,12,18,1,5
E0 (4),Norwich,Everton,2,1,H,14,12,3,5
E0 (4),Wolves,Southampton,3,1,H,9,13,5,10
E0 (4),Aston Villa,Man United,2,2,D,13,13,9,6
E0 (4),Liverpool,Brentford,3,0,H,27,6,13,1
E0 (4),West Ham,Leeds,2,3,A,15,18,5,5
E0 (4),Brighton,Chelsea,1,1,D,10,15,2,3
E0 (4),Leicester,Tottenham,2,3,A,14,27,4,10
E0 (4),Brentford,Man United,1,3,A,18,13,8,5
E0 (4),Watford,Norwich,0,3,A,15,7,4,2
E0 (4),Everton,Aston Villa,0,1,A,15,8,1,3
E0 (4),Brentford,Wolves,1,2,A,11,7,1,2
E0 (4),Leeds,Newcastle,0,1,A,13,15,4,3
E0 (4),Man United,West Ham,1,0,H,18,6,3,1
E0 (4),Southampton,Man City,1,1,D,7,20,3,5
E0 (4),Arsenal,Burnley,0,0,D,20,10,5,1
E0 (4),Crystal Palace,Liverpool,1,3,A,8,15,5,7
E0 (4),Leicester,Brighton,1,1,D,15,14,5,5
E0 (4),Chelsea,Tottenham,2,0,H,15,6,7,3
E0 (4),Burnley,Watford,0,0,D,13,11,2,5
E0 (4),Newcastle,Everton,3,1,H,20,11,9,3
E0 (4),West Ham,Watford,1,0,H,9,6,3,1
E0 (4),Burnley,Man United,1,1,D,9,22,3,5
E0 (4),Man City,Brentford,2,0,H,15,6,7,2
E0 (4),Norwich,Crystal Palace,1,1,D,5,13,1,5
E0 (4),Tottenham,Southampton,2,3,A,8,23,3,10
E0 (4),Aston Villa,Leeds,3,3,D,12,16,4,8
E0 (4),Liverpool,Leicester,2,0,H,22,5,11,1
E0 (4),Wolves,Arsenal,0,1,A,15,12,4,2
E0 (4),Man United,Southampton,1,1,D,12,13,8,4
E0 (4),Brentford,Crystal Palace,0,0,D,9,6,2,3
E0 (4),Everton,Leeds,3,0,H,21,7,10,0
E0 (4),Watford,Brighton,0,2,A,9,11,1,6
E0 (4),Norwich,Man City,0,4,A,8,22,3,9
E0 (4),Burnley,Liverpool,0,1,A,8,12,5,4
E0 (4),Newcastle,Aston Villa,1,0,H,10,11,2,1
E0 (4),Tottenham,Wolves,0,2,A,17,11,7,7
E0 (4),Leicester,West Ham,2,2,D,13,8,2,3
E0 (4),Man United,Brighton,2,0,H,19,10,7,3
E0 (4),West Ham,Newcastle,1,1,D,11,14,3,3
E0 (4),Arsenal,Brentford,2,1,H,24,6,8,2
E0 (4),Aston Villa,Watford,0,1,A,20,8,1,4
E0 (4),Brighton,Burnley,0,3,A,11,10,1,4
E0 (4),Crystal Palace,Chelsea,0,1,A,7,9,0,3
E0 (4),Liverpool,Norwich,3,1,H,29,6,8,1
E0 (4),Southampton,Everton,2,0,H,19,9,11,0
E0 (4),Man City,Tottenham,2,3,A,21,6,4,5
E0 (4),Leeds,Man United,2,4,A,16,15,6,9
E0 (4),Wolves,Leicester,2,1,H,11,17,3,7
E0 (4),Burnley,Tottenham,1,0,H,15,12,4,2
E0 (4),Watford,Crystal Palace,1,4,A,8,7,1,5
E0 (4),Liverpool,Leeds,6,0,H,23,3,15,2
E0 (4),Arsenal,Wolves,2,1,H,26,6,5,2
E0 (4),Southampton,Norwich,2,0,H,27,8,9,1
E0 (4),Leeds,Tottenham,0,4,A,19,15,3,11
E0 (4),Brentford,Newcastle,0,2,A,6,26,1,11
E0 (4),Crystal Palace,Burnley,1,1,D,11,5,4,1
E0 (4),Man United,Watford,0,0,D,22,10,3,2
E0 (4),Brighton,Aston Villa,0,2,A,12,9,1,4
E0 (4),Everton,Man City,0,1,A,6,13,2,8
E0 (4),West Ham,Wolves,1,0,H,13,14,4,1
E0 (4),Burnley,Leicester,0,2,A,9,22,2,6
E0 (4),Leicester,Leeds,1,0,H,7,19,4,4
E0 (4),Aston Villa,Southampton,4,0,H,14,11,9,1
E0 (4),Burnley,Chelsea,0,4,A,6,11,1,5
E0 (4),Newcastle,Brighton,2,1,H,10,15,4,4
E0 (4),Norwich,Brentford,1,3,A,15,10,7,6
E0 (4),Wolves,Crystal Palace,0,2,A,12,12,5,8
E0 (4),Liverpool,West Ham,1,0,H,22,13,5,5
E0 (4),Watford,Arsenal,2,3,A,13,16,7,4
E0 (4),Man City,Man United,4,1,H,24,5,10,2
E0 (4),Tottenham,Everton,5,0,H,14,6,7,0
E0 (4),Norwich,Chelsea,1,3,A,9,15,3,7
E0 (4),Southampton,Newcastle,1,2,A,14,8,5,4
E0 (4),Wolves,Watford,4,0,H,10,9,5,0
E0 (4),Leeds,Aston Villa,0,3,A,4,15,1,9
E0 (4),Brighton,Liverpool,0,2,A,8,18,3,9
E0 (4),Brentford,Burnley,2,0,H,13,7,4,1
E0 (4),Man United,Tottenham,3,2,H,10,10,6,3
E0 (4),Chelsea,Newcastle,1,0,H,8,7,3,2
E0 (4),Everton,Wolves,0,1,A,8,14,2,3
E0 (4),Leeds,Norwich,2,1,H,13,12,7,4
E0 (4),Southampton,Watford,1,2,A,13,9,7,5
E0 (4),West Ham,Aston Villa,2,1,H,11,13,4,7
E0 (4),Arsenal,Leicester,2,0,H,21,6,8,3
E0 (4),Crystal Palace,Man City,0,0,D,7,18,1,4
E0 (4),Brighton,Tottenham,0,2,A,15,17,0,7
E0 (4),Arsenal,Liverpool,0,2,A,9,9,2,3
E0 (4),Everton,Newcastle,1,0,H,9,17,3,6
E0 (4),Wolves,Leeds,2,3,A,14,15,8,6
E0 (4),Aston Villa,Arsenal,0,1,A,8,10,1,3
E0 (4),Leicester,Brentford,2,1,H,12,15,4,6
E0 (4),Tottenham,West Ham,3,1,H,17,6,4,1
E0 (4),Liverpool,Watford,2,0,H,20,5,3,2
E0 (4),Brighton,Norwich,0,0,D,31,6,4,0
E0 (4),Burnley,Man City,0,2,A,3,18,1,6
E0 (4),Chelsea,Brentford,1,4,A,21,17,8,6
E0 (4),Leeds,Southampton,1,1,D,12,14,3,6
E0 (4),Wolves,Aston Villa,2,1,H,11,15,5,5
E0 (4),Man United,Leicester,1,1,D,11,11,5,3
E0 (4),West Ham,Everton,2,1,H,11,13,5,2
E0 (4),Tottenham,Newcastle,5,1,H,19,8,6,1
E0 (4),Crystal Palace,Arsenal,3,0,H,6,12,5,3
E0 (4),Burnley,Everton,3,2,H,13,16,4,4
E0 (4),Newcastle,Wolves,1,0,H,12,5,4,2
E0 (4),Everton,Man United,1,0,H,7,12,3,4
E0 (4),Arsenal,Brighton,1,2,A,20,8,4,3
E0 (4),Southampton,Chelsea,0,6,A,4,24,1,14
E0 (4),Watford,Leeds,0,3,A,8,10,1,5
E0 (4),Aston Villa,Tottenham,0,4,A,9,11,8,5
E0 (4),Brentford,West Ham,2,0,H,15,5,7,1
E0 (4),Leicester,Crystal Palace,2,1,H,12,11,3,3
E0 (4),Norwich,Burnley,2,0,H,17,18,6,4
E0 (4),Man City,Liverpool,2,2,D,11,6,5,4
E0 (4),Tottenham,Brighton,0,1,A,5,12,0,5
E0 (4),Man United,Norwich,3,2,H,20,15,9,4
E0 (4),Southampton,Arsenal,1,0,H,9,23,3,6
E0 (4),Watford,Brentford,1,2,A,17,16,4,5
E0 (4),Newcastle,Leicester,2,1,H,16,8,7,2
E0 (4),West Ham,Burnley,1,1,D,21,9,8,1
E0 (4),Liverpool,Man United,4,0,H,14,2,5,1
E0 (4),Chelsea,Arsenal,2,4,A,11,14,2,4
E0 (4),Everton,Leicester,1,1,D,13,11,3,3
E0 (4),Newcastle,Crystal Palace,1,0,H,13,10,4,2
E0 (4),Man City,Brighton,3,0,H,17,2,5,1
E0 (4),Burnley,Southampton,2,0,H,16,11,6,3
E0 (4),Arsenal,Man United,3,1,H,14,14,7,5
E0 (4),Leicester,Aston Villa,0,0,D,5,11,2,3
E0 (4),Man City,Watford,5,1,H,21,5,8,2
E0 (4),Norwich,Newcastle,0,3,A,5,13,2,7
E0 (4),Brentford,Tottenham,0,0,D,15,9,2,0
E0 (4),Brighton,Southampton,2,2,D,8,18,5,5
E0 (4),Burnley,Wolves,1,0,H,14,10,5,4
E0 (4),Chelsea,West Ham,1,0,H,26,6,5,2
E0 (4),Liverpool,Everton,2,0,H,18,9,4,1
E0 (4),Crystal Palace,Leeds,0,0,D,17,9,7,2
E0 (4),Man United,Chelsea,1,1,D,6,21,3,6
E0 (4),Newcastle,Liverpool,0,1,A,4,24,2,10
E0 (4),Aston Villa,Norwich,2,0,H,21,9,6,3
E0 (4),Southampton,Crystal Palace,1,2,A,8,14,3,5
E0 (4),Watford,Burnley,1,2,A,13,17,1,6
E0 (4),Wolves,Brighton,0,3,A,11,17,1,9
E0 (4),Leeds,Man City,0,4,A,7,19,2,6
E0 (4),Everton,Chelsea,1,0,H,9,17,4,5
E0 (4),Tottenham,Leicester,3,1,H,13,6,7,2
E0 (4),West Ham,Arsenal,1,2,A,8,13,3,7
E0 (4),Man United,Brentford,3,0,H,9,12,5,4
E0 (4),Brentford,Southampton,3,0,H,18,19,5,4
E0 (4),Burnley,Aston Villa,1,3,A,14,12,6,7
E0 (4),Chelsea,Wolves,2,2,D,19,14,6,4
E0 (4),Crystal Palace,Watford,1,0,H,15,6,7,1
E0 (4),Brighton,Man United,4,0,H,17,15,6,5
E0 (4),Liverpool,Tottenham,1,1,D,22,8,3,3
E0 (4),Arsenal,Leeds,2,1,H,19,3,9,2
E0 (4),Leicester,Everton,1,2,A,16,10,9,4
E0 (4),Norwich,West Ham,0,4,A,8,13,2,5
E0 (4),Man City,Newcastle,5,0,H,21,7,9,3
E0 (4),Aston Villa,Liverpool,1,2,A,9,17,4,6
E0 (4),Leeds,Chelsea,0,3,A,5,17,0,4
E0 (4),Leicester,Norwich,3,0,H,20,9,8,5
E0 (4),Watford,Everton,0,0,D,6,16,0,5
E0 (4),Wolves,Man City,1,5,A,7,16,3,5
E0 (4),Tottenham,Arsenal,3,0,H,16,8,6,4
E0 (4),Tottenham,Burnley,1,0,H,21,8,8,1
E0 (4),Aston Villa,Crystal Palace,1,1,D,13,16,4,4
E0 (4),Leeds,Brighton,1,1,D,19,16,5,6
E0 (4),Watford,Leicester,1,5,A,13,13,5,7
E0 (4),West Ham,Man City,2,2,D,6,31,2,8
E0 (4),Wolves,Norwich,1,1,D,17,11,4,2
E0 (4),Everton,Brentford,2,3,A,10,18,5,7
E0 (4),Newcastle,Arsenal,2,0,H,16,11,4,2
E0 (4),Southampton,Liverpool,1,2,A,4,24,2,5
E0 (4),Everton,Crystal Palace,3,2,H,12,7,6,5
E0 (4),Aston Villa,Burnley,1,1,D,22,10,9,5
E0 (4),Chelsea,Leicester,1,1,D,20,2,7,1
E0 (4),Arsenal,Everton,5,1,H,26,6,9,2
E0 (4),Brentford,Leeds,1,2,A,14,14,5,6
E0 (4),Brighton,West Ham,3,1,H,18,7,7,2
E0 (4),Burnley,Newcastle,1,2,A,12,8,5,6
E0 (4),Chelsea,Watford,2,1,H,19,8,8,3
E0 (4),Crystal Palace,Man United,1,0,H,6,10,3,4
E0 (4),Leicester,Southampton,4,1,H,12,7,6,2
E0 (4),Liverpool,Wolves,3,1,H,29,7,8,5
E0 (4),Man City,Aston Villa,3,2,H,24,4,5,2
E0 (4),Norwich,Tottenham,0,5,A,9,19,0,13
E0,Liverpool,Bournemouth,4,2,H,19,10,10,3
E0,Aston Villa,Newcastle,0,0,D,3,16,3,3
E0,Brighton,Fulham,1,1,D,10,7,4,2
E0,Sunderland,West Ham,3,0,H,10,12,5,4
E0,Tottenham,Burnley,3,0,H,16,14,6,4
E0,Wolves,Man City,0,4,A,9,15,3,4
E0,Chelsea,Crystal Palace,0,0,D,19,12,3,4
E0,Nottm Forest,Brentford,3,1,H,11,10,5,3
E0,Man United,Arsenal,0,1,A,22,9,7,3
E0,Leeds,Everton,1,0,H,21,7,3,1
E0,West Ham,Chelsea,1,5,A,12,12,4,7
E0,Man City,Tottenham,0,2,A,10,12,4,5
E0,Bournemouth,Wolves,1,0,H,14,6,4,1
E0,Brentford,Aston Villa,1,0,H,9,17,2,2
E0,Burnley,Sunderland,2,0,H,7,9,2,1
E0,Arsenal,Leeds,5,0,H,18,3,5,1
E0,Crystal Palace,Nottm Forest,1,1,D,8,9,4,1
E0,Everton,Brighton,2,0,H,11,13,3,4
E0,Fulham,Man United,1,1,D,13,10,4,3
E0,Newcastle,Liverpool,2,3,A,10,5,3,4
E0,Chelsea,Fulham,2,0,H,13,11,6,3
E0,Man United,Burnley,3,2,H,26,6,6,3
E0,Sunderland,Brentford,2,1,H,12,7,3,4
E0,Tottenham,Bournemouth,0,1,A,5,20,1,6
E0,Wolves,Everton,2,3,A,12,10,4,4
E0,Leeds,Newcastle,0,0,D,10,8,1,2
E0,Brighton,Man City,2,1,H,12,12,7,3
E0,Nottm Forest,West Ham,0,3,A,11,12,3,8
E0,Liverpool,Arsenal,1,0,H,9,11,3,1
E0,Aston Villa,Crystal Palace,0,3,A,13,6,4,4
E0,Arsenal,Nottm Forest,3,0,H,16,5,5,1
E0,Bournemouth,Brighton,2,1,H,13,6,5,2
E0,Crystal Palace,Sunderland,0,0,D,14,6,6,0
E0,Everton,Aston Villa,0,0,D,20,7,2,1
E0,Fulham,Leeds,1,0,H,5,10,3,3
E0,Newcastle,Wolves,1,0,H,16,8,4,3
E0,West Ham,Tottenham,0,3,A,7,14,4,5
E0,Brentford,Chelsea,2,2,D,7,16,4,6
E0,Burnley,Liverpool,0,1,A,3,27,0,4
E0,Man City,Man United,3,0,H,13,12,6,2
E0,Liverpool,Everton,2,1,H,11,9,3,2
E0,Brighton,Tottenham,2,2,D,12,11,4,3
E0,Burnley,Nottm Forest,1,1,D,12,17,5,8
E0,West Ham,Crystal Palace,1,2,A,8,18,3,3
E0,Wolves,Leeds,1,3,A,16,6,6,4
E0,Man United,Chelsea,2,1,H,11,5,4,1
E0,Fulham,Brentford,3,1,H,14,8,3,3
E0,Bournemouth,Newcastle,0,0,D,11,4,2,1
E0,Sunderland,Aston Villa,1,1,D,14,12,4,2
E0,Arsenal,Man City,1,1,D,12,5,3,3
E0,Brentford,Man United,3,1,H,10,14,8,6
E0,Chelsea,Brighton,1,3,A,13,12,3,3
E0,Crystal Palace,Liverpool,2,1,H,16,20,7,4
E0,Leeds,Bournemouth,2,2,D,19,12,8,5
E0,Man City,Burnley,5,1,H,21,9,8,2
E0,Nottm Forest,Sunderland,0,1,A,22,11,6,3
E0,Tottenham,Wolves,1,1,D,10,9,3,3
E0,Aston Villa,Fulham,3,1,H,9,11,4,4
E0,Newcastle,Arsenal,1,2,A,8,20,3,7
E0,Everton,West Ham,1,1,D,12,14,6,3
E0,Bournemouth,Fulham,3,1,H,11,12,6,4
E0,Leeds,Tottenham,1,2,A,16,9,4,3
E0,Arsenal,West Ham,2,0,H,21,4,5,0
E0,Man United,Sunderland,2,0,H,15,8,6,3
E0,Chelsea,Liverpool,2,1,H,12,12,6,2
E0,Aston Villa,Burnley,2,1,H,15,5,7,2
E0,Everton,Crystal Palace,2,1,H,14,15,7,8
E0,Newcastle,Nottm Forest,2,0,H,18,5,9,4
E0,Wolves,Brighton,1,1,D,6,17,3,6
E0,Brentford,Man City,0,1,A,6,10,1,4
E0,Nottm Forest,Chelsea,0,3,A,12,17,2,6
E0,Brighton,Newcastle,2,1,H,13,16,5,3
E0,Burnley,Leeds,2,0,H,4,19,3,4
E0,Crystal Palace,Bournemouth,3,3,D,20,8,7,5
E0,Man City,Everton,2,0,H,19,5,7,1
E0,Sunderland,Wolves,2,0,H,8,16,2,3
E0,Fulham,Arsenal,0,1,A,9,16,0,5
E0,Tottenham,Aston Villa,1,2,A,9,8,3,2
E0,Liverpool,Man United,1,2,A,19,12,6,4
E0,West Ham,Brentford,0,2,A,7,22,1,7
E0,Leeds,West Ham,2,1,H,13,9,5,3
E0,Chelsea,Sunderland,1,2,A,16,10,7,4
E0,Newcastle,Fulham,2,1,H,18,12,7,5
E0,Man United,Brighton,4,2,H,13,17,9,5
E0,Brentford,Liverpool,3,2,H,17,18,8,5
E0,Arsenal,Crystal Palace,1,0,H,10,7,3,1
E0,Aston Villa,Man City,1,0,H,9,18,3,4
E0,Bournemouth,Nottm Forest,2,0,H,13,8,5,4
E0,Wolves,Burnley,2,3,A,15,11,7,7
E0,Everton,Tottenham,0,3,A,12,7,2,4
E0,Brighton,Leeds,3,0,H,14,5,7,2
E0,Burnley,Arsenal,0,2,A,3,12,0,8
E0,Crystal Palace,Brentford,2,0,H,9,6,2,2
E0,Fulham,Wolves,3,0,H,19,5,6,2
E0,Nottm Forest,Man United,2,2,D,17,18,3,7
E0,Tottenham,Chelsea,0,1,A,3,15,1,9
E0,Liverpool,Aston Villa,2,0,H,16,10,4,3
E0,West Ham,Newcastle,3,1,H,15,12,9,4
E0,Man City,Bournemouth,3,1,H,15,8,8,5
E0,Sunderland,Everton,1,1,D,17,8,3,2
E0,Tottenham,Man United,2,2,D,10,5,4,2
E0,Everton,Fulham,2,0,H,14,8,5,4
E0,West Ham,Burnley,3,2,H,15,16,6,7
E0,Sunderland,Arsenal,2,2,D,6,17,2,7
E0,Chelsea,Wolves,3,0,H,20,3,8,0
E0,Aston Villa,Bournemouth,4,0,H,16,13,8,4
E0,Brentford,Newcastle,3,1,H,15,5,7,1
E0,Crystal Palace,Brighton,0,0,D,10,7,2,3
E0,Nottm Forest,Leeds,3,1,H,14,10,6,3
E0,Man City,Liverpool,3,0,H,14,7,6,1
E0,Burnley,Chelsea,0,2,A,8,15,2,5
E0,Bournemouth,West Ham,2,2,D,28,5,10,2
E0,Brighton,Brentford,2,1,H,14,10,5,4
E0,Fulham,Sunderland,1,0,H,24,4,6,2
E0,Liverpool,Nottm Forest,0,3,A,21,15,4,7
E0,Wolves,Crystal Palace,0,2,A,8,10,1,4
E0,Newcastle,Man City,2,1,H,9,17,5,4
E0,Leeds,Aston Villa,1,2,A,14,14,5,3
E0,Arsenal,Tottenham,4,1,H,17,3,8,2
E0,Man United,Everton,0,1,A,25,3,6,1
E0,Brentford,Burnley,3,1,H,14,6,4,2
E0,Man City,Leeds,3,2,H,18,9,9,4
E0,Sunderland,Bournemouth,3,2,H,12,18,6,6
E0,Everton,Newcastle,1,4,A,10,13,2,8
E0,Tottenham,Fulham,1,2,A,14,7,2,3
E0,Crystal Palace,Man United,1,2,A,14,14,3,6
E0,Aston Villa,Wolves,1,0,H,16,9,6,4
E0,Nottm Forest,Brighton,0,2,A,19,17,3,6
E0,West Ham,Liverpool,0,2,A,7,9,0,5
E0,Chelsea,Arsenal,1,1,D,11,8,4,4
E0,Bournemouth,Everton,0,1,A,5,13,2,3
E0,Fulham,Man City,4,5,A,12,11,6,4
E0,Newcastle,Tottenham,2,2,D,19,8,7,2
E0,Arsenal,Brentford,2,0,H,15,6,7,1
E0,Brighton,Aston Villa,3,4,A,16,14,7,10
E0,Burnley,Crystal Palace,0,1,A,11,3,4,3
E0,Wolves,Nottm Forest,0,1,A,5,10,1,3
E0,Leeds,Chelsea,3,1,H,17,14,5,2
E0,Liverpool,Sunderland,1,1,D,23,9,4,6
E0,Man United,West Ham,1,1,D,17,11,4,3
E0,Aston Villa,Arsenal,2,1,H,15,15,6,9
E0,Bournemouth,Chelsea,0,0,D,13,11,5,4
E0,Everton,Nottm Forest,3,0,H,11,7,5,3
E0,Man City,Sunderland,3,0,H,18,8,6,1
E0,Newcastle,Burnley,2,1,H,17,9,7,3
E0,Tottenham,Brentford,2,0,H,15,4,7,1
E0,Leeds,Liverpool,3,3,D,12,16,5,7
E0,Brighton,West Ham,1,1,D,22,14,4,5
E0,Fulham,Crystal Palace,1,2,A,12,11,4,5
E0,Wolves,Man United,1,4,A,8,27,2,10
E0,Chelsea,Everton,2,0,H,17,11,5,2
E0,Liverpool,Brighton,2,0,H,18,14,4,1
E0,Burnley,Fulham,2,3,A,16,6,8,4
E0,Arsenal,Wolves,2,1,H,16,3,2,2
E0,Crystal Palace,Man City,0,3,A,16,7,4,6
E0,Nottm Forest,Tottenham,3,0,H,15,6,6,1
E0,Sunderland,Newcastle,1,0,H,5,6,1,2
E0,West Ham,Aston Villa,2,3,A,10,7,3,4
E0,Brentford,Leeds,1,1,D,7,18,2,4
E0,Man United,Bournemouth,4,4,D,25,14,9,9
E0,Newcastle,Chelsea,2,2,D,11,13,5,4
E0,Bournemouth,Burnley,1,1,D,16,4,1,1
E0,Brighton,Sunderland,0,0,D,16,14,4,6
E0,Man City,West Ham,3,0,H,17,7,8,3
E0,Wolves,Brentford,0,2,A,9,7,2,6
E0,Tottenham,Liverpool,1,2,A,15,8,4,4
E0,Everton,Arsenal,0,1,A,5,13,1,2
E0,Leeds,Crystal Palace,4,1,H,20,9,8,3
E0,Aston Villa,Man United,2,1,H,12,15,4,6
E0,Fulham,Nottm Forest,1,0,H,11,12,1,2
E0,Man United,Newcastle,1,0,H,10,16,4,3
E0,Nottm Forest,Man City,1,2,A,7,16,2,5
E0,Arsenal,Brighton,2,1,H,24,8,6,3
E0,Brentford,Bournemouth,4,1,H,15,20,7,10
E0,Burnley,Everton,0,0,D,16,15,0,6
E0,Liverpool,Wolves,2,1,H,14,9,4,4
E0,West Ham,Fulham,0,1,A,11,15,2,4
E0,Chelsea,Aston Villa,1,2,A,14,11,3,8
E0,Sunderland,Leeds,1,1,D,8,17,3,6
E0,Crystal Palace,Tottenham,0,1,A,15,8,2,4
E0,Burnley,Newcastle,1,3,A,15,20,4,9
E0,Chelsea,Bournemouth,2,2,D,17,17,3,6
E0,Nottm Forest,Everton,0,2,A,21,11,6,3
E0,West Ham,Brighton,2,2,D,10,16,4,6
E0,Arsenal,Aston Villa,4,1,H,22,11,7,3
E0,Man United,Wolves,1,1,D,15,11,6,4
E0,Crystal Palace,Fulham,1,1,D,11,17,2,5
E0,Liverpool,Leeds,0,0,D,19,4,4,2
E0,Brentford,Tottenham,0,0,D,7,9,2,3
E0,Sunderland,Man City,0,0,D,10,14,4,4
E0,Aston Villa,Nottm Forest,3,1,H,11,10,4,5
E0,Brighton,Burnley,2,0,H,15,5,4,3
E0,Wolves,West Ham,3,0,H,11,6,8,0
E0,Bournemouth,Arsenal,2,3,A,15,12,3,5
E0,Leeds,Man United,1,1,D,11,15,3,2
E0,Everton,Brentford,2,4,A,14,11,6,7
E0,Newcastle,Crystal Palace,2,0,H,12,11,7,1
E0,Tottenham,Sunderland,1,1,D,13,10,5,3
E0,Fulham,Liverpool,2,2,D,8,10,2,2
E0,Man City,Chelsea,1,1,D,14,8,3,3
E0,West Ham,Nottm Forest,1,2,A,14,13,3,5
E0,Bournemouth,Tottenham,3,2,H,11,16,3,4
E0,Brentford,Sunderland,3,0,H,18,11,6,3
E0,Crystal Palace,Aston Villa,0,0,D,11,15,5,3
E0,Everton,Wolves,1,1,D,13,13,2,4
E0,Fulham,Chelsea,2,1,H,16,14,5,6
E0,Man City,Brighton,1,1,D,22,6,6,3
E0,Burnley,Man United,2,2,D,7,30,1,10
E0,Newcastle,Leeds,4,3,H,18,14,8,6
E0,Arsenal,Liverpool,0,0,D,9,8,4,0
E0,Man United,Man City,2,0,H,11,7,7,1
E0,Chelsea,Brentford,2,0,H,6,15,2,5
E0,Leeds,Fulham,1,0,H,14,8,5,1
E0,Liverpool,Burnley,1,1,D,32,7,11,1
E0,Sunderland,Crystal Palace,2,1,H,13,6,7,2
E0,Tottenham,West Ham,1,2,A,21,17,6,4
E0,Nottm Forest,Arsenal,0,0,D,6,15,0,3
E0,Wolves,Newcastle,0,0,D,6,12,2,2
E0,Aston Villa,Everton,0,1,A,18,9,5,3
E0,Brighton,Bournemouth,1,1,D,17,11,5,2
E0,West Ham,Sunderland,3,1,H,13,7,5,2
E0,Burnley,Tottenham,2,2,D,9,18,4,11
E0,Fulham,Brighton,2,1,H,12,13,4,5
E0,Man City,Wolves,2,0,H,11,11,4,1
E0,Bournemouth,Liverpool,3,2,H,12,14,5,4
E0,Brentford,Nottm Forest,0,2,A,10,7,1,2
E0,Crystal Palace,Chelsea,1,3,A,13,10,7,6
E0,Newcastle,Aston Villa,0,2,A,15,14,4,8
E0,Arsenal,Man United,2,3,A,15,10,4,3
E0,Everton,Leeds,1,1,D,10,14,3,4
E0,Brighton,Everton,1,1,D,11,7,2,4
E0,Leeds,Arsenal,0,4,A,3,14,1,8
E0,Wolves,Bournemouth,0,2,A,17,9,7,4
E0,Chelsea,West Ham,3,2,H,14,11,6,6
E0,Liverpool,Newcastle,4,1,H,17,8,7,2
E0,Aston Villa,Brentford,0,1,A,27,6,5,2
E0,Man United,Fulham,3,2,H,13,14,6,6
E0,Nottm Forest,Crystal Palace,1,1,D,9,14,1,3
E0,Tottenham,Man City,2,2,D,12,15,6,3
E0,Sunderland,Burnley,3,0,H,14,5,5,0
E0,Leeds,Nottm Forest,3,1,H,14,16,5,6
E0,Man United,Tottenham,2,0,H,23,7,10,1
E0,Arsenal,Sunderland,3,0,H,16,5,5,3
E0,Bournemouth,Aston Villa,1,1,D,20,7,9,4
E0,Burnley,West Ham,0,2,A,18,6,5,4
E0,Fulham,Everton,1,2,A,13,16,3,3
E0,Wolves,Chelsea,1,3,A,11,15,3,6
E0,Newcastle,Brentford,2,3,A,16,11,4,5
E0,Brighton,Crystal Palace,0,1,A,7,7,2,4
E0,Liverpool,Man City,1,2,A,15,17,4,7
E0,Chelsea,Leeds,2,2,D,19,4,4,2
E0,Everton,Bournemouth,1,2,A,16,11,6,4
E0,Tottenham,Newcastle,1,2,A,16,21,2,5
E0,West Ham,Man United,1,1,D,7,9,3,3
E0,Aston Villa,Brighton,1,0,H,15,9,1,3
E0,Crystal Palace,Burnley,2,3,A,21,8,3,3
E0,Man City,Fulham,3,0,H,13,14,5,3
E0,Nottm Forest,Wolves,0,0,D,35,7,10,3
E0,Sunderland,Liverpool,0,1,A,11,23,2,3
E0,Brentford,Arsenal,1,1,D,12,7,3,2
E0,Wolves,Arsenal,2,2,D,5,10,2,4
